article_id,doc_id,title
01/2013/ttlt-bnv-bqp+12,01/2013/ttlt-bnv-bqp,Điều 12. Chương trình đào tạo
01/2014/tt-bgdđt+1,01/2014/tt-bgdđt,Điều 1. Ban hành kèm theo Thông tư này Khung năng lực ngoại ngữ 6 bậc dùng cho Việt Nam.
01/2014/tt-bgdđt+2,01/2014/tt-bgdđt,Điều 2. Thông tư này có hiệu lực thi hành kể từ ngày 16 tháng 3 năm 2014. Các quy định trước đây về chương trình ngoại ngữ trái với quy định tại Thông tư này đều bị bãi bỏ.
01/2015/tt-bgdđt+35,01/2015/tt-bgdđt,"Điều 35. Chương trình đào tạo, giáo trình"
01/2017/tt-btnmt+1,01/2017/tt-btnmt,"Điều 1. Ban hành kèm theo Thông tư này Định mức sử dụng đất xây dựng cơ sở văn hóa, cơ sở y tế, cơ sở giáo dục và đào tạo, cơ sở thể dục thể thao."
01/2017/tt-btnmt+2,01/2017/tt-btnmt,Điều 2. Thông tư này có hiệu lực thi hành kể từ ngày 30 tháng 3 năm 2017.
02/2008/qđ-byt+1,02/2008/qđ-byt,"Điều 1. Ban hành kèm theo Quyết định này “Quy định mẫu trang phục, phù hiệu, cấp hiệu và biển hiệu Thanh tra Y tế”."
02/2008/qđ-byt+2,02/2008/qđ-byt,"Điều 2. Quyết định có hiệu lực sau 15 ngày, kể từ ngày đăng Công báo."
02/2017/qđ-ktnn+1,02/2017/qđ-ktnn,Điều 1. Ban hành kèm theo Quyết định này Quy trình kiểm toán dự án đầu tư xây dựng công trình.
02/2017/qđ-ktnn+2,02/2017/qđ-ktnn,"Điều 2. Quyết định này có hiệu lực sau 45 ngày kể từ ngày ký, thay thế Quyết định số 04/2013/QĐ-KTNN ngày 05/04/2013 của Tổng Kiểm toán nhà nước về việc ban hành Quy trình kiểm toán dự án đầu tư xây dựng công trình."
02/2018/qđ-ktnn+1,02/2018/qđ-ktnn,Điều 1. Ban hành kèm theo Quyết định này Quy trình kiểm toán Báo cáo quyết toán ngân sách nhà nước.
02/2018/qđ-ktnn+2,02/2018/qđ-ktnn,"Điều 2. Quyết định này có hiệu lực thi hành sau 45 ngày, kể từ ngày ký và thay thế Quyết định số 03/2013/QĐ-KTNN ngày 03/4/2013 của Tổng Kiểm toán nhà nước ban hành Quy trình kiểm toán báo cáo quyết toán ngân sách nhà nước."
02/2019/qđ-ktnn+1,02/2019/qđ-ktnn,Điều 1. Ban hành kèm theo Quyết định này Hướng dẫn phương pháp tiếp cận kiểm toán dựa trên đánh giá rủi ro và xác định trọng yếu trong kiểm toán Báo cáo tài chính ngân hàng.
02/2019/qđ-ktnn+2,02/2019/qđ-ktnn,Điều 2. Quyết định này có hiệu lực sau 45 ngày kể từ ngày ký.
02/2019/tt-bgdđt+2,02/2019/tt-bgdđt,"Điều 2. Bỏ cụm từ ""Anh hùng lao động trong thời kỳ kháng chiến"" tại điểm a khoản 2 Điều 7; thay thế cụm từ ""thí sinh là người dân tộc thiểu số rất ít người theo quy định hiện hành của Thủ tướng Chính phủ ""bằng"" thí sinh là người dân tộc thiểu số rất ít người theo quy định hiện hành của Chính phủ"" tại điểm i khoản 2 Điều 7; thay thế cụm từ ""Ủy ban TDTT"" bằng ""Tổng cục TDTT"" tại điểm b khoản 3 Điều 7; thay thế cụm từ ""các thôn, xã khó khăn, đặc biệt khó khăn"" bằng cụm từ ""các thôn, xã đặc biệt khó khăn"" tại gạch đầu dòng thứ 4 điểm b khoản 4 Điều 7;"
02/2019/tt-bgdđt+3,02/2019/tt-bgdđt,Điều 3. Thông tư này có hiệu lực thi hành kể từ ngày 15 tháng 04 năm 2019.
02/2020/qđ-ktnn+1,02/2020/qđ-ktnn,Điều 1. Ban hành kèm theo Quyết định này Quy trình kiểm toán của Kiểm toán nhà nước.
02/2020/qđ-ktnn+2,02/2020/qđ-ktnn,Điều 2. Quyết định này có hiệu lực sau 45 ngày kể từ ngày ký và thay thế Quyết định số 08/2016/QĐ-KTNN  ngày 23/12/2016 của Tổng Kiểm toán nhà nước về việc ban hành Quy trình kiểm toán của Kiểm toán nhà nước.
03/2015/tt-bkhcn+1,03/2015/tt-bkhcn,"Điều 1. Ban hành kèm theo Thông tư này điều lệ mẫu về tổ chức và hoạt động của Quỹ phát triển khoa học và công nghệ của Bộ, cơ quan ngang Bộ, cơ quan thuộc Chính phủ, tỉnh, thành phố trực thuộc Trung ương (sau đây gọi tắt là Quỹ)."
03/2015/tt-bkhcn+3,03/2015/tt-bkhcn,"Điều 3. Bộ trưởng, Thủ trưởng các cơ quan ngang bộ, Thủ trưởng các cơ quan trực thuộc Chính phủ, Chủ tịch Uỷ ban nhân dân tỉnh, thành phố trực thuộc trung ương có trách nhiệm ban hành các văn bản hướng dẫn hoạt động nghiệp vụ của Quỹ."
03/2016/tt-tandtc+1,03/2016/tt-tandtc,"Điều 1. Ban hành kèm theo Thông tư này Quy chế hoạt động của Hội đồng thi tuyển chọn Thẩm phán sơ cấp, Thẩm phán trung cấp, Thẩm phán cao cấp."
03/2016/tt-tandtc+2,03/2016/tt-tandtc,Điều 2. Thông tư này có hiệu lực thi hành từ ngày 17 tháng 3 năm 2016.
03/2016/tt-ttcp+8,03/2016/tt-ttcp,"Điều 8. Tiêu chuẩn, niên hạn cấp phát trang phục"
03/2018/qđ-ktnn+1,03/2018/qđ-ktnn,Điều 1. Ban hành kèm theo Quyết định này Hướng dẫn về bằng chứng kiểm toán.
03/2018/qđ-ktnn+2,03/2018/qđ-ktnn,Điều 2. Quyết định này có hiệu lực sau 45 ngày kể từ ngày ký.
03/2018/tt-btttt+1,03/2018/tt-btttt,Điều 1. Ban hành kèm theo Thông tư này Định mức kinh tế - kỹ thuật về sản xuất chương trình truyền hình.
03/2019/qđ-ktnn+1,03/2019/qđ-ktnn,"Điều 1. Ban hành kèm theo Quyết định này Quy định trách nhiệm gửi báo cáo tài chính, báo cáo quyết toán ngân sách, dự toán kinh phí của các đơn vị được kiểm toán."
03/2019/qđ-ktnn+2,03/2019/qđ-ktnn,Điều 2. Quyết định này có hiệu lực thi hành sau 45 ngày kể từ ngày ký.
03/2020/qđ-ktnn+1,03/2020/qđ-ktnn,Điều 1. Ban hành kèm theo Quyết định này Quy chế tổ chức và hoạt động Đoàn kiểm toán nhà nước.
03/2020/qđ-ktnn+2,03/2020/qđ-ktnn,Điều 2. Quyết định này có hiệu lực thi hành sau 45 ngày kể từ ngày ký và thay thế Quyết định số 01/2016/QĐ-KTNN  ngày 20 tháng 06 năm 2016 của Tổng Kiểm toán nhà nước ban hành Quy chế Tổ chức và hoạt động Đoàn kiểm toán nhà nước.
03/2020/tt-btp+1,03/2020/tt-btp,Điều 1. Ban hành kèm theo Thông tư này Quy tắc nghề nghiệp trợ giúp pháp lý.
03/2020/tt-btp+3,03/2020/tt-btp,Điều 3. Thông tư này có hiệu lực thi hành kể từ ngày 15 tháng 6 năm 2020. Quyết định số 09/2008/QĐ-BTP ngày 08/12/2008 của Bộ trưởng Bộ Tư pháp ban hành Quy tắc nghề nghiệp trợ giúp pháp lý hết hiệu lực kể từ ngày Thông tư này có hiệu lực.
04/2016/qđ-ktnn+1,04/2016/qđ-ktnn,Điều 1. Ban hành kèm theo Quyết định này Quy định về quy tắc ứng xử của Kiểm toán viên nhà nước.
04/2016/qđ-ktnn+2,04/2016/qđ-ktnn,Điều 2. Quyết định này có hiệu lực thi hành sau 45 ngày kể từ ngày ký và thay thế Quyết định số 62/QĐ-KTNN ngày 01/02/2013 của Tổng Kiểm toán nhà nước ban hành Quy định về quy tắc ứng xử của Kiểm toán viên nhà nước.
04/2017/tt-bnnptnt+1,04/2017/tt-bnnptnt,"Điều 1. Ban hành kèm theo Thông tư này Danh mục các loài động vật, thực vật hoang dã quy định trong các Phụ lục của Công ước về buôn bán quốc tế các loài động vật, thực vật hoang dã nguy cấp."
04/2017/tt-bnnptnt+2,04/2017/tt-bnnptnt,Điều 2. Thông tư này có hiệu lực thi hành kể từ ngày 10 tháng 4 năm 2017.
04/2017/tt-bnnptnt+3,04/2017/tt-bnnptnt,"Điều 3. Thông tư này thay thế Thông tư 40/2013/TT-BNNPTNT , ngày 5 tháng 9 năm 2013 của Bộ trưởng Bộ Nông nghiệp và Phát triển nông thôn Ban hành Danh mục các loài động vật, thực vật hoang dã quy định trong các Phụ lục của Công ước về buôn bán quốc tế các loài động vật, thực vật hoang dã nguy cấp."
05/2003/nđ-cp+1,05/2003/nđ-cp,"Điều 1. Nghị định này quy định về hợp tác quốc tế trong lĩnh vực phòng, chống ma tuý của Chính phủ Việt Nam, các Bộ, cơ quan ngang Bộ, cơ quan thuộc Chính phủ, cơ quan Trung ương của tổ chức chính trị - xã hội, tổ chức xã hội, Uỷ ban nhân dân các tỉnh, thành phố trực thuộc Trung ương (sau đây gọi chung là cơ quan, tổ chức của Việt Nam) với Chính phủ và các cơ quan Chính phủ của các nước, tổ chức quốc tế, tổ chức và cá nhân nước ngoài."
05/2003/nđ-cp+6,05/2003/nđ-cp,"Điều 6. Các cơ quan, tổ chức Việt Nam từ chối tương trợ tư pháp về hình sự đối với các vụ án về ma tuý theo quy định của Hiệp định tương trợ tư pháp Việt Nam đã ký kết với các nước."
05/2003/nđ-cp+13,05/2003/nđ-cp,"Điều 13. Bộ Nông nghiệp và Phát triển nông thôn có trách nhiệm phối hợp với ủy ban Dân tộc và các cơ quan, tổ chức hữu quan khác chỉ đạo việc hợp tác quốc tế về tuyên truyền, giáo dục, tổ chức xoá bỏ cây có chứa chất ma tuý, thực hiện các chương trình phát triển kinh tế - xã hội trợ giúp việc chuyển hướng sản xuất có hiệu quả, ổn định đời sống của nhân dân."
05/2003/nđ-cp+14,05/2003/nđ-cp,"Điều 14. Bộ Quốc phòng có trách nhiệm chỉ đạo lực lượng Bộ đội Biên phòng, Cảnh sát biển thực hiện nhiệm vụ hợp tác với cơ quan hữu quan tương ứng của nước khác theo quy định tại Chương VI Luật Phòng, chống ma tuý và của Nghị định này cũng như các quy định pháp luật khác có liên quan để phát hiện, ngăn chặn các hành vi mua bán, vận chuyển trái phép chất ma tuý, tiền chất, thuốc gây nghiện, thuốc hướng thần qua biên giới."
05/2003/nđ-cp+15,05/2003/nđ-cp,"Điều 15. Bộ Tài chính có trách nhiệm chỉ đạo Tổng cục Hải quan và lực lượng hải quan các cấp hợp tác với cơ quan phòng, chống ma tuý, cơ quan hải quan của các nước có chung đường biên giới với Việt Nam, tổ chức hải quan khu vực và các nước khác trong việc thực hiện nhiệm vụ phòng, chống mua bán, vận chuyển trái phép chất ma túy, tiền chất, thuốc gây nghiện, thuốc hướng thần qua biên giới theo quy định của pháp luật Việt Nam và các điều ước quốc tế đa phương, song phương mà Việt Nam ký kết hoặc tham gia."
05/2003/nđ-cp+16,05/2003/nđ-cp,"Điều 16. Bộ Ngoại giao có trách nhiệm phối hợp với các Bộ, ngành có liên quan trong việc nghiên cứu, đề xuất chủ trương đàm phán, ký kết và thực hiện các điều ước quốc tế về phòng, chống ma tuý."
05/2003/nđ-cp+17,05/2003/nđ-cp,"Điều 17. Bộ Tư pháp có trách nhiệm phối hợp với các Bộ, ngành có liên quan nghiên cứu, hoàn thiện pháp luật về hợp tác quốc tế trong phòng, chống ma tuý, bảo đảm sự phù hợp giữa pháp luật Việt Nam và các Công ước của Liên hợp quốc về phòng, chống ma tuý; tham gia xây dựng, thẩm định các văn bản quy phạm pháp luật về hợp tác quốc tế về phòng, chống ma tuý và tổ chức phổ biến các văn bản này trong cán bộ, công chức, nhân dân."
05/2003/nđ-cp+18,05/2003/nđ-cp,"Điều 18. Bộ Kế hoạch và Đầu tư, Bộ Tài chính trong phạm vi nhiệm vụ, quyền hạn của mình phối hợp với Bộ Công an thẩm định các đề án, dự án hợp tác quốc tế về phòng, chống ma tuý, trình Chính phủ, Thủ tướng Chính phủ xem xét, phê duyệt và có trách nhiệm bảo đảm kinh phí thực hiện các chương trình, kế hoạch, đề án, dự án về phòng, chống ma tuý đã được Chính phủ, Thủ tướng Chính phủ phê duyệt."
05/2003/nđ-cp+21,05/2003/nđ-cp,"Điều 21. Hàng năm cơ quan, tổ chức phối hợp với Bộ Công an lập kế hoạch hợp tác quốc tế trong lĩnh vực phòng, chống ma tuý do mình phụ trách trình Chính phủ phê duyệt; báo cáo tình hình thực hiện các chương trình, dự án hợp tác quốc tế, việc sử dụng các nguồn tài trợ của nước ngoài theo các quy định của pháp luật và gửi Bộ Công an để tổng hợp báo cáo Chính phủ."
05/2017/qđ-ktnn+1,05/2017/qđ-ktnn,Điều 1. Ban hành kèm theo Quyết định này Quy trình kiểm toán Chương trình mục tiêu quốc gia của Kiểm toán nhà nước.
05/2017/qđ-ktnn+2,05/2017/qđ-ktnn,"Điều 2. Quyết định này có hiệu lực sau 45 ngày kể từ ngày ký, thay thế Quyết định số 02/2012/QĐ-KTNN ngày 04/04/2012 của Tổng Kiểm toán nhà nước về việc ban hành Quy trình kiểm toán Chương trình mục tiêu quốc gia."
05/2018/tt-bnv+1,05/2018/tt-bnv,"Điều 1. Mã số chức danh nghề nghiệp viên chức Âm thanh viên, Phát thanh viên, Kỹ thuật dựng phim, Quay phim thuộc chuyên ngành Thông tin và Truyền thông"
05/2019/tt-bgtvt+6,05/2019/tt-bgtvt,Điều 6. Thông tư này có hiệu lực kể từ ngày 15 tháng 03 năm 2019.
05/2019/tt-bkhcn+14,05/2019/tt-bkhcn,"Điều 14. Ghi thành phần, thành phần định lượng của hàng hóa trên nhãn hàng hóa (điểm 1 khoản 1 Phụ lục IV ban hành kèm theo Nghị định số 43/2017/NĐ-CP)"
05/2019/tt-btc+76,05/2019/tt-btc,Điều 76. Quy định chung
06/1999/nđ-cp+2,06/1999/nđ-cp,Điều 2. Nghị định này có hiệu lực sau 15 ngày kể từ ngày ký.
06/2011/tt-bgtvt+6,06/2011/tt-bgtvt,Điều 6. Chương trình bồi dưỡng kiến thức pháp luật về giao thông đường bộ
06/2016/tt-bgdđt+1,06/2016/tt-bgdđt,Điều 1. Ban hành kèm theo Thông tư này Quy chế tuyển sinh đi học nước ngoài.
06/2016/tt-bgdđt+2,06/2016/tt-bgdđt,Điều 2. Thông tư này có hiệu lực kể từ ngày 06 tháng 5 năm 2016. Thông tư này thay thế Thông tư số 01/2013/TT-BGDĐT ngày 29 tháng 01 năm 2013 của Bộ trưởng Bộ Giáo dục và Đào tạo ban hành Quy chế tuyển sinh đi học nước ngoài.
06/2017/tt-btp+4,06/2017/tt-btp,Điều 4. Chương trình khung của khóa đào tạo nghề đấu giá
06/2018/tt-btc+2,06/2018/tt-btc,"Điều 2. Thay thế Mẫu 02 - Giấy rút vốn tạm ứng ngân quỹ nhà nước cho ngân sách cấp tỉnh, Mẫu 04 - Báo cáo tình hình tạm ứng ngân quỹ nhà nước ban hành kèm theo Thông tư số 30/2017/TT-BTC  bằng Mẫu 02 - Giấy rút vốn tạm ứng ngân quỹ nhà nước cho ngân sách cấp tỉnh, Mẫu 04 - Báo cáo tình hình tạm ứng ngân quỹ nhà nước ban hành kèm theo Thông tư này."
07/2015/qđ-ttg+1,07/2015/qđ-ttg,Điều 1. Ban hành kèm theo Quyết định này Quy chế quản lý và thực hiện Chương trình phát triển thương mại điện tử quốc gia.
07/2015/qđ-ttg+2,07/2015/qđ-ttg,Điều 2. Quyết định này có hiệu lực thi hành kể từ ngày 20 tháng 4 năm 2015.
07/2016/qđ-ktnn+1,07/2016/qđ-ktnn,"Điều 1. Ban hành kèm theo Quyết định này Quy định về theo dõi, kiểm tra việc thực hiện kết luận, kiến nghị kiểm toán của Kiểm toán nhà nước."
07/2016/qđ-ktnn+2,07/2016/qđ-ktnn,"Điều 2. Quyết định này có hiệu lực thi hành sau 45 ngày, kể từ ngày ký. Quyết định số 1223/QĐ-KTNN ngày 06/7/2012 của Tổng Kiểm toán nhà nước ban hành Quy trình kiểm tra thực hiện kiến nghị kiểm toán của Kiểm toán nhà nước hết hiệu lực kể từ ngày Quyết định này có hiệu lực thi hành."
08/2013/tt-bgdđt+2,08/2013/tt-bgdđt,Điều 2. Thông tư này có hiệu lực thi hành kể từ ngày 22 tháng 4 năm 2013. Thông tư này thay thế Quyết định số 33/2004/QĐ-BGDĐT ngày 28/9/2004 của Bộ trưởng Bộ Giáo dục và Đào tạo về việc ban hành chương trình môn Triết học dùng cho học viên cao học và nghiên cứu sinh không thuộc chuyên ngành Triết học.
08/2020/tt-bgtvt+3,08/2020/tt-bgtvt,"Điều 3. Báo hiệu đường thủy nội địa được thiết lập mới sau ngày có hiệu lực của Thông tư này thì áp dụng theo quy định tại Thông tư này. Đối với báo hiệu đã được thiết lập trước ngày Thông tư này có hiệu lực, giao Cục trưởng Cục Đường thủy nội địa Việt Nam, Giám đốc Sở Giao thông vận tải căn cứ yêu cầu quản lý để xây dựng, công bố lộ trình điều chỉnh, thay thế, nâng cấp hệ thống báo hiệu đường thủy nội địa thuộc phạm vi quản lý đảm bảo phù hợp với quy định tại Thông tư này."
08/2021/tt-bgdđt+1,08/2021/tt-bgdđt,Điều 1. Ban hành kèm theo Thông tư này Quy chế đào tạo trình độ đại học.
08/2021/tt-bgdđt+2,08/2021/tt-bgdđt,"Điều 2. Thông tư này có hiệu lực thi hành từ ngày 03 tháng 5 năm 2021, áp dụng đối với các khóa tuyển sinh sau ngày thông tư có hiệu lực thi hành và thay thế Quyết định số 25/2006/QĐ-BGDĐT  ngày 26 tháng 6 năm 2006 của Bộ trưởng Bộ Giáo dục và Đào tạo ban hành quy chế đào tạo đại học và cao đẳng hệ chính quy; Quyết định số 43/2007/QĐ-BGDĐT  ngày 15 tháng 8 năm 2007 của Bộ trưởng Bộ Giáo dục và Đào tạo ban hành quy chế đào tạo đại học và cao đẳng hệ chính quy theo hệ thống tín chỉ; Thông tư số 57/2012/TT-BGDĐT  ngày 27 tháng 12 năm 2012 sửa đổi, bổ sung một số điều của quy chế đào tạo đại học và cao đẳng hệ chính quy ban hành kèm theo Quyết định số 43/2007/QĐ-BGDĐT  ngày 15 tháng 8 năm 2007 của Bộ trưởng Bộ Giáo dục và Đào tạo; Thông tư số 06/2017/TT-BGDĐT  ngày 15 tháng 3 năm 2017 của Bộ trưởng Bộ Giáo dục và Đào tạo ban hành quy chế đào tạo vừa làm vừa học trình độ đại học; Quyết định số 22/QĐ-BGDĐT ngày 26 tháng 6 năm 2001 của Bộ trưởng Bộ Giáo dục và Đào tạo quy định về đào tạo để cấp bằng tốt nghiệp đại học thứ hai; Thông tư số 10/2018/TT-BGDĐT  ngày 30 tháng 3 năm 2018 của Bộ trưởng Bộ Giáo dục và Đào tạo ban hành quy định về đào tạo bằng tốt nghiệp thứ 2 trình độ đại học, trình độ cao đẳng nhóm ngành đào tạo giáo viên; Thông tư số 07/2017/TT-BGDĐT  ngày 15 tháng 3 năm 2017 của Bộ trưởng Bộ Giáo dục và Đào tạo ban hành quy định về liên kết đào tạo trình độ đại học."
09/2016/qđ-ktnn+1,09/2016/qđ-ktnn,"Điều 1. Ban hành kèm theo Quyết định này Quy định trình tự lập, thẩm định, xét duyệt và tổ chức thực hiện kế hoạch kiểm toán tổng quát của cuộc kiểm toán do Kiểm toán nhà nước thực hiện."
09/2016/qđ-ktnn+2,09/2016/qđ-ktnn,"Điều 2. Quyết định này có hiệu lực thi hành sau 45 ngày kể từ ngày ký và thay thế Quyết định số 1530/QĐ-KTNN ngày 07/9/2012 của Tổng Kiểm toán nhà nước ban hành Quy định trình tự lập, thẩm định, phê duyệt và tổ chức thực hiện kế hoạch kiểm toán của cuộc kiểm toán."
09/2017/qđ-ktnn+1,09/2017/qđ-ktnn,Điều 1. Ban hành kèm theo Quyết định này Quy chế ủy thác hoặc thuê doanh nghiệp kiểm toán thực hiện kiểm toán.
09/2017/qđ-ktnn+2,09/2017/qđ-ktnn,"Điều 2. Quyết định này có hiệu lực sau 45 ngày kể từ ngày ký, thay thế Quyết định 03/2011/QĐ-KTNN ngày 09/12/2011 của Tổng Kiểm toán nhà nước về việc ban hành Quy chế thuê hoặc ủy thác doanh nghiệp kiểm toán."
09/2017/tt-btc+1,09/2017/tt-btc,Điều 1. Ban hành kèm theo Thông tư này Quy chuẩn kỹ thuật quốc gia đối với máy bơm nước chữa cháy (đồng bộ thiết bị chữa cháy rừng) dự trữ quốc gia.
09/2017/tt-btc+2,09/2017/tt-btc,Điều 2. Thông tư này có hiệu lực kể từ ngày 10 tháng 8 năm 2017 và thay thế Thông tư số 41/2010/TT-BTC ngày 25/3/2010 của Bộ trưởng Bộ Tài chính ban hành Quy chuẩn kỹ thuật quốc gia về dự trữ nhà nước đối với máy bơm nước chữa cháy.
09/2018/tt-bgdđt+1,09/2018/tt-bgdđt,Điều 1. Ban hành kèm theo Thông tư này Quy định về quản lý Chương trình khoa học và công nghệ cấp bộ của Bộ Giáo dục và Đào tạo.
09/2018/tt-btc+2,09/2018/tt-btc,"Điều 2. Sửa đổi, bổ sung các khoản thu phí tại số thứ tự 1 và điểm b số thứ tự 2 Mục II của Biểu phí, lệ phí trong lĩnh vực quản lý chất lượng vật tư nuôi trồng thủy sản ban hành kèm theo Thông tư số 284/2016/TT-BTC ngày 14 tháng 11 năm 2016 của Bộ trưởng Bộ Tài chính như sau:"
09/2021/tt-bqp+1,09/2021/tt-bqp,"Điều 1. Ban hành kèm theo Thông tư này Quy chế quản lý, sử dụng trang thiết bị đào tạo tại các cơ sở đào tạo trong Quân đội."
09/2021/tt-bqp+2,09/2021/tt-bqp,"Điều 2. Thông tư này có hiệu lực thi hành kể từ ngày 01 tháng 3 năm 2021 và thay thế Quyết định số 24/2008/QĐ-BQP ngày 29 tháng 02 năm 2008 của Bộ trưởng Bộ Quốc phòng về việc ban hành Quy chế quản lý đầu tư, sử dụng trang thiết bị đào tạo trong nhà trường quân đội."
103/2002/nđ-cp+1,103/2002/nđ-cp,"Điều 1. Nghị định này quy định việc đền bù đối với cá nhân, gia đình, cơ quan, tổ chức bị thiệt hại (sau đây viết gọn là đối tượng bị thiệt hại) về tài sản; chế độ trợ cấp đối với cá nhân bị thiệt hại về tính mạng, bị thương tích, tổn hại về sức khoẻ do tham gia phòng, chống ma tuý."
103/2002/nđ-cp+3,103/2002/nđ-cp,"Điều 3. Cá nhân, gia đình, cơ quan, tổ chức nước ngoài, tổ chức quốc tế bị thiệt hại về tài sản, người nước ngoài bị thiệt hại về tính mạng, bị thương tích, tổn hại về sức khoẻ do tham gia phòng, chống ma tuý trên lãnh thổ Việt Nam được Nhà nước Cộng hoà xã hội chủ nghĩa Việt Nam đền bù hoặc thực hiện chế độ trợ cấp theo quy định của Nghị định này. Nếu các điều ước quốc tế có liên quan mà Việt Nam ký kết hoặc tham gia có quy định khác thì áp dụng theo điều ước quốc tế đó."
103/2002/nđ-cp+12,103/2002/nđ-cp,"Điều 12. Kinh phí để đền bù và trợ cấp nói trên được trích một phần từ Quỹ phòng, chống ma tuý, một phần do ngân sách nhà nước các cấp bảo đảm."
105/2018/nđ-cp+1,105/2018/nđ-cp,Điều 1. Ban hành kèm theo Nghị định này Điều lệ tổ chức và hoạt động của Tập đoàn Công nghiệp Than - Khoáng sản Việt Nam.
105/2018/nđ-cp+2,105/2018/nđ-cp,Điều 2. Nghị định này có hiệu lực thi hành kể từ ngày ký ban hành và thay thế Nghị định số 212/2013/NĐ-CP ngày 19 tháng 12 năm 2013 của Chính phủ về Điều lệ tổ chức và hoạt động của Tập đoàn Công nghiệp Than - Khoáng sản Việt Nam.
10/2005/nđ-cp+12,10/2005/nđ-cp,"Điều 12. Nghiêm cấm các cơ quan, đơn vị, tổ chức và cá nhân sản xuất, tàng trữ, vận chuyển, mua bán và sử dụng cờ hiệu hải quan, biểu tượng hải quan, hải quan hiệu, cấp hiệu, phù hiệu, trang phục và giấy chứng minh hải quan trái với quy định của Nghị định này."
10/2005/nđ-cp+13,10/2005/nđ-cp,"Điều 13. Nghị định này có hiệu lực sau 15 ngày, kể từ ngày đăng Công báo và thay thế Nghị định số 18/2000/NĐ-CP ngày 29 tháng 5 năm 2000 của Chính phủ quy định về hải quan hiệu, phù hiệu, cấp hiệu, biểu tượng, cờ truyền thống, cờ hiệu và trang phục của Hải quan Việt Nam."
10/2005/nđ-cp+14,10/2005/nđ-cp,Điều 14. Bộ Tài chính hướng dẫn thi hành Nghị định này.
10/2017/qđ-ktnn+2,10/2017/qđ-ktnn,"Điều 2. Quyết định này có hiệu lực sau 45 ngày kể từ ngày ký, thay thế Quyết định số 04/2012/QĐ-KTNN ngày 06/4/2012 của Tổng Kiểm toán nhà nước ban hành Quy trình kiểm toán doanh nghiệp."
10/2017/qđ-ttg+1,10/2017/qđ-ttg,Điều 1. Ban hành kèm theo Quyết định này Quy chế quản lý và thực hiện Chương trình phát triển công nghiệp hỗ trợ.
10/2017/qđ-ttg+2,10/2017/qđ-ttg,Điều 2. Quyết định này có hiệu lực thi hành từ ngày 25 tháng 5 năm 2017.
10/2018/tt-bnnptnt+1,10/2018/tt-bnnptnt,Điều 1. Ban hành kèm theo Thông tư này Quy chuẩn kỹ thuật quốc gia thuốc thú y - Yêu cầu chung (QCVN01-187:2018/BNNPTNT).
10/2021/tt-bgdđt+1,10/2021/tt-bgdđt,Điều 1. Ban hành kèm theo Thông tư này Quy chế tổ chức và hoạt động của Trung tâm giáo dục thường xuyên.
10/2021/tt-bgdđt+2,10/2021/tt-bgdđt,Điều 2. Thông tư này có hiệu lực kể từ ngày 22 tháng 5 năm 2021. Thông tư này thay thế các quy định đối với Trung tâm giáo dục thường xuyên cấp tỉnh trong Quyết định số 01/2007/QĐ-BGD&ĐT ngày 02/01/2007 cửa Bộ trưởng Bộ Giáo dục và Đào tạo về việc ban hành Quy chế tổ chức và hoạt động của Trung tâm giáo dục thường xuyên.
110/2017/tt-btc+1,110/2017/tt-btc,"Điều 1. Sửa đổi, bổ sung Biểu mức thu phí thẩm định điều kiện kinh doanh trong hoạt động kiểm định kỹ thuật an toàn lao động; huấn luyện an toàn, vệ sinh lao động ban hành kèm theo Thông tư số 245/2016/TT-BTC ngày 11 tháng 11 năm 2016 của Bộ trưởng Bộ Tài chính như sau:"
112/2017/tt-btc+1,112/2017/tt-btc,"Điều 1. Sửa đổi, bổ sung phần III, IV, V, điểm 1 phần VI mục A Biểu phí kiểm định phương tiện phòng cháy, chữa cháy ban hành kèm theo Thông tư số 227/2016/TT-BTC  ngày 11 tháng 11 năm 2016 của Bộ trưởng Bộ Tài chính như sau:"
113/2017/tt-btc+1,113/2017/tt-btc,"Điều 1. Sửa đổi bổ sung điểm c, điểm đ mục 1 Điều 4 Thông tư số 202/2016/TT-BTC ngày 09 tháng 11 năm 2016 của Bộ trưởng Bộ Tài chính như sau:"
117/2007/qđ-ttg+4,117/2007/qđ-ttg,"Điều 4. Quyết định này có hiệu lực thi hành sau 15 ngày, kể từ ngày đăng Công báo. Quyết định này không áp dụng đối với các trường hợp đã hoàn tất việc mua nhà ở thuộc sở hữu nhà nước hoặc được giao đất làm nhà ở. Các quy định trước đây trái với Quyết định này đều bãi bỏ."
117/2018/tt-btc+1,117/2018/tt-btc,"Điều 1. Sửa đổi phần I; điểm c mục 1, mục 2 phần III; phần IV Biểu phí trong công tác an toàn vệ sinh thực phẩm ban hành kèm theo Thông tư số 279/2016/TT-BTC  ngày 14 tháng 11 năm 2016 của Bộ trưởng Bộ Tài chính như sau:"
117/2018/tt-btc+3,117/2018/tt-btc,Điều 3. Thông tư này có hiệu lực thi hành kể từ ngày 15 tháng 01 năm 2019.
119/2009/qđ-ttg+1,119/2009/qđ-ttg,"Điều 1. Ban hành kèm theo Quyết định này Quy chế chuyên gia nước ngoài thực hiện các chương trình, dự án ODA ở Việt Nam (gọi tắt là Quy chế chuyên gia nước ngoài)."
119/2009/qđ-ttg+3,119/2009/qđ-ttg,"Điều 3. Bộ Kế hoạch và Đầu tư, Bộ Tài chính ban hành Thông tư liên tịch hướng dẫn việc thực hiện Quy chế; kiểm tra theo chức năng việc thực hiện Quy chế này."
11/2013/tt-bct+1,11/2013/tt-bct,Điều 1. Ban hành kèm theo Thông tư này “Quy chuẩn kỹ thuật quốc gia về yêu cầu thiết kế cửa hàng xăng dầu”. Ký hiệu QCVN 01 : 2013/BCT.
11/2020/tt-bgtvt+2,11/2020/tt-bgtvt,"Điều 2. Mã số, phân hạng chức danh nghề nghiệp viên chức chuyên ngành cảng vụ hàng không"
11/2021/tt-bgdđt+1,11/2021/tt-bgdđt,Điều 1. Ban hành kèm theo Thông tư này Chương trình và thực hiện bồi dưỡng nghiệp vụ sư phạm cho người có bằng cử nhân chuyên ngành phù hợp có nguyện vọng trở thành giáo viên tiểu học.
11/2021/tt-bgdđt+2,11/2021/tt-bgdđt,Điều 2. Thông tư này có hiệu lực thi hành kể từ ngày 22 tháng 5 năm 2021. Các quy định trước đây trái với quy định tại Thông tư này đều bị bãi bỏ.
122/2007/qđ-ttg+3,122/2007/qđ-ttg,"Điều 3. Quân nhân, công nhân viên chức quốc phòng khi được cấp có thẩm quyền giao nhiệm vụ trực tiếp thực hiện nhiệm vụ rà phá bom, mìn, vật nổ, nếu bị thương, bị bệnh, hy sinh thuộc một trong các trường hợp quy định tại Điều 3, Điều 11 và Điều 17 Nghị định số 54/2006/NĐ-CP ngày 26 tháng 5 năm 2006 của Chính phủ hướng dẫn thi hành một số điều của Pháp lệnh Ưu đãi người có công với cách mạng thì được xem xét, xác nhận là thương binh, bệnh binh hoặc liệt sĩ."
122/2007/qđ-ttg+4,122/2007/qđ-ttg,"Điều 4. Quyết định này có hiệu lực thi hành sau 15 ngày, kể từ ngày đăng Công báo."
122/2007/qđ-ttg+5,122/2007/qđ-ttg,"Điều 5. Bộ Lao động - Thương binh và Xã hội chủ trì, phối hợp với Bộ Quốc phòng và Bộ Tài chính hướng dẫn thi hành Quyết định này."
128/2018/nđ-cp+3,128/2018/nđ-cp,"Điều 3. Sửa đổi, bổ sung"
12/2016/tt-bgdđt+15,12/2016/tt-bgdđt,Điều 15. Thông tư này có hiệu lực kể từ ngày 09 tháng 6 năm 2016.
12/2019/tt-bgtvt+1,12/2019/tt-bgtvt,"Điều 1. Ban hành kèm theo Thông tư này Định mức kinh tế - kỹ thuật các hao phí ca máy cho các phương tiện chuyên dùng trong công tác quản lý, bảo trì đường thủy nội địa."
12/2019/tt-btnmt+1,12/2019/tt-btnmt,Điều 1. Ban hành kèm theo Thông tư này Định mức kinh tế - kỹ thuật vận hành trạm thu dữ liệu viễn thám.
12/2019/tt-btnmt+2,12/2019/tt-btnmt,Điều 2. Thông tư này có hiệu lực thi hành kể từ ngày 20 tháng 9 năm 2019.
12/2019/tt-nhnn+2,12/2019/tt-nhnn,"Điều 2. Chức danh và mã số ngạch các ngạch công chức ngành Ngân hàng, gồm:"
12/2020/nđ-cp+1,12/2020/nđ-cp,"Điều 1. Ngưng hiệu lực thi hành Điều 63, điểm c khoản 1 Điều 64, điểm b khoản 2 và khoản 3 Điều 65 Nghị định số 26/2019/NĐ-CP ngày 08 tháng 3 năm 2019 của Chính phủ quy định chi tiết một số điều và biện pháp thi hành Luật thủy sản cho đến khi sửa đổi các quy định đảm bảo phù hợp với quy định của pháp luật, chủ trương của Đảng, chỉ đạo của Chính phủ, Thủ tướng Chính phủ."
12/2020/nđ-cp+2,12/2020/nđ-cp,Điều 2. Nghị định này có hiệu lực thi hành kể từ ngày ký.
131/2009/qđ-ttg+8,131/2009/qđ-ttg,Điều 8. Quyết định này có hiệu lực thi hành kể từ ngày 01 tháng 01 năm 2010.
131/2014/tt-bqp+1,131/2014/tt-bqp,Điều 1. Ban hành kèm theo Thông tư này Quy chế quản lý kho vật chứng trong Quân đội.
131/2014/tt-bqp+2,131/2014/tt-bqp,Điều 2. Thông tư này có hiệu lực thi hành từ ngày 25 tháng 11 năm 2014.
1338/2004/qđ-byt+2,1338/2004/qđ-byt,"Điều 2. “Hướng dẫn quy trình kỹ thuật rửa và sử dụng lại quả lọc thận” là tài liệu hướng dẫn về thực hành chuyên môn kỹ thuật được áp dụng trong tất cả các cơ sở khám chữa bệnh của Nhà nước, bán công và tư nhân ."
1338/2004/qđ-byt+3,1338/2004/qđ-byt,Điều 3. Quyết định này có hiệu lực sau 15 ngày kể từ ngày đăng công báo.
135/2015/tt-btc+1,135/2015/tt-btc,Điều 1. Ban hành kèm theo Thông tư này Điều lệ tổ chức và hoạt động của Công ty trách nhiệm hữu hạn Mua bán nợ Việt Nam.
135/2015/tt-btc+2,135/2015/tt-btc,Điều 2. Thông tư này có hiệu lực từ ngày 01/11/2015 và thay thế Thông tư số 79/2011/TT-BTC  ngày 08/06/2011 của Bộ Tài chính ban hành Điều lệ về tổ chức và hoạt động của Công ty trách nhiệm hữu hạn một thành viên Mua bán nợ Việt Nam.
136/2018/nđ-cp+2,136/2018/nđ-cp,Điều 2. Sửa đổi một số khoản tại
136/2018/nđ-cp+4,136/2018/nđ-cp,"Điều 4. Bãi bỏ Điều 9 và Điều 13 Nghị định số 18/2015/NĐ-CP ngày 14 tháng 02 năm 2015 của Chính phủ quy định chi tiết một số điều và biện pháp thi hành các quy định về quy hoạch bảo vệ môi trường, đánh giá môi trường chiến lược, đánh giá tác động môi trường và kế hoạch bảo vệ môi trường"
136/2018/nđ-cp+5,136/2018/nđ-cp,Điều 5. Bãi bỏ điểm d khoản 5 Điều 22 Nghị định số 19/2015/NĐ-CP ngày 14 tháng 02 năm 2015 của Chính phủ quy định chi tiết thi hành một số điều của Luật Bảo vệ môi trường
137/2018/nđ-cp+2,137/2018/nđ-cp,Điều 2. Bãi bỏ Điều 43 của Nghị định số 123/2013/NĐ-CP ngày 14 tháng 10 năm 2013 của Chính phủ quy định chi tiết một số điều và biện pháp thi hành Luật luật sư.
138/2018/nđ-cp+2,138/2018/nđ-cp,Điều 2. Bãi bỏ các quy định sau:
138/2018/nđ-cp+4,138/2018/nđ-cp,"Điều 4; khoản 2 Điều 5; điểm h khoản 1 Điều 6; các điểm c, đ, e, g, h, i, k khoản 2 Điều 6; khoản 4 Điều 6; các điểm c và đ khoản 1 Điều 9; điểm c khoản 1 Điều 14; Điều 17; điểm b khoản 1 Điều 18; Điều 25; Phụ lục I của Nghị định số 65/2016/NĐ-CP ngày 01 tháng 7 năm 2016 của Chính phủ quy định về điều kiện kinh doanh dịch vụ đào tạo lái xe ô tô và dịch vụ sát hạch lái xe."
138/2020/nđ-cp+11,138/2020/nđ-cp,Điều 11 Nghị định số 06/2010/NĐ-CP ngày 25 tháng 01 năm 2010 của Chính phủ quy định những người là công chức.
13/2014/tt-bnv+2,13/2014/tt-bnv,Điều 2. Mã số và phân hạng chức danh nghề nghiệp viên chức chuyên ngành lưu trữ
13/2015/tt-bgdđt+1,13/2015/tt-bgdđt,Điều 1. Ban hành kèm theo Thông tư này Quy chế tổ chức và hoạt động trường mầm non tư thục.
13/2015/tt-bgdđt+2,13/2015/tt-bgdđt,"Điều 2. Thông tư này có hiệu lực thi hành kể từ ngày 14 tháng 8 năm 2015. Thông tư này thay thế Quyết định số 41/2008/QĐ-BGDĐT ngày 25 tháng 7 năm 2008 của Bộ trưởng Bộ Giáo dục và Đào tạo ban hành Quy chế tổ chức và hoạt động trường mầm non tư thục và Thông tư số 28/2011/TT-BGDĐT ngày 15 tháng 7 năm 2011 về việc sửa đổi, bổ sung một số điều của Quy chế tổ chức và hoạt động trường mầm non tư thục ban hành kèm theo Quyết định số 41/2008/QĐ-BGDĐT ngày 25 tháng 7 năm 2008 của Bộ trưởng Bộ Giáo dục và Đào tạo."
13/2018/tt-bgdđt+2,13/2018/tt-bgdđt,Điều 2. Thông tư này có hiệu lực thi hành kể từ ngày 15 tháng 7 năm 2018.
13/2019/tt-bkhcn+1,13/2019/tt-bkhcn,Điều 1. Ban hành kèm theo Thông tư này Quy chuẩn kỹ thuật quốc gia về thép làm cốt bê tông (QCVN 07:2019/BKHCN).
13/2019/tt-btnmt+1,13/2019/tt-btnmt,"Điều 1. Ban hành kèm theo Thông tư này Quy định Định mức kinh tế - kỹ thuật thống kê, kiểm kê đất đai và lập bản đồ hiện trạng sử dụng đất."
13/2020/tt-bgdđt+1,13/2020/tt-bgdđt,"Điều 1. Ban hành kèm theo Thông tư này Quy định tiêu chuẩn cơ sở vật chất các trường mầm non, tiểu học, trung học cơ sở, trung học phổ thông và trường phổ thông có nhiều cấp học."
13/2020/tt-bgdđt+2,13/2020/tt-bgdđt,Điều 2. Thông tư này có hiệu lực thi hành kể từ ngày 11 tháng 7 năm 2020.
140/2018/nđ-cp+2,140/2018/nđ-cp,"Điều 2. Bãi bỏ Khoản 2 Điều 9; Khoản 4 Điều 11; điểm d Khoản 2 và điểm b khoản 3 Điều 12; khoản 3 và khoản 6 Điều 15; điểm c Khoản 5 Điều 18; Khoản 3 Điều 24 Nghị định số 44/2016/NĐ-CP  ngày 15 tháng 5 năm 2016 của Chính phủ quy định chi tiết một số điều của Luật an toàn, vệ sinh lao động về hoạt động kiểm định kỹ thuật an toàn lao động, huấn luyện an toàn, vệ sinh lao động và quan trắc môi trường lao động."
140/2018/nđ-cp+4,140/2018/nđ-cp,"Điều 4. Bãi bỏ Điều 7 và Điều 14 của Nghị định số 31/2015/NĐ-CP  ngày 24 tháng 3 năm 2015 của Chính phủ quy định chi tiết thi hành một số điều của Luật Việc làm về đánh giá, cấp chứng chỉ kỹ năng nghề quốc gia"
140/2018/nđ-cp+8,140/2018/nđ-cp,Điều 8. Bãi bỏ khoản 2 Điều 6 Nghị định số 49/2018/NĐ-CP  ngày 30 tháng 3 năm 2018 của Chính phủ quy định về kiểm định chất lượng giáo dục nghề nghiệp
140/2018/nđ-cp+12,140/2018/nđ-cp,"Điều 12. Bãi bỏ Khoản 2 Điều 7, Điều 9 Nghị định số 52/2014/NĐ-CP  ngày 23 tháng 5 năm 2014 của Chính phủ quy định điều kiện, thủ tục cấp giấy phép hoạt động dịch vụ việc làm của doanh nghiệp hoạt động dịch vụ việc làm"
140/2018/nđ-cp+13,140/2018/nđ-cp,Điều 13. Bãi bỏ điểm b Khoản 3 Điều 8 và Điều 17 Nghị định số 11/2016/NĐ-CP  ngày 03 tháng 02 năm 2016 của Chính phủ quy định chi tiết thi hành một số điều của Bộ luật lao động về lao động nước ngoài làm việc tại Việt Nam
140/2018/nđ-cp+15,140/2018/nđ-cp,"Điều 15. Bãi bỏ Điều 23, Điều 24, Điều 28, Điều 29 của Nghị định số 166/2016/NĐ-CP  ngày 24 tháng 12 năm 2016 quy định về giao dịch điện tử trong lĩnh vực bảo hiểm xã hội, bảo hiểm y tế và bảo hiểm thất nghiệp và Điều 15 Nghị định số 134/2015/NĐ-CP ngày 29 tháng 12 năm 2015 của Chính phủ quy định chi tiết một số điều của Luật Bảo hiểm xã hội về bảo hiểm xã hội tự nguyện."
140/2018/nđ-cp+18,140/2018/nđ-cp,"Điều 18. Bãi bỏ Điều 20, Điều 21, Điều 22 Nghị định số 28/2012/NĐ-CP ngày 10 tháng 4 năm 2012 của Chính phủ quy định chi tiết và hướng dẫn thi hành một số điều của Luật người khuyết tật; Điều 21 Nghị định số 136/2013/ NĐ-CP ngày 21 tháng 10 năm 2013 của Chính phủ quy định chính sách trợ giúp xã hội đối với đối tượng bảo trợ xã hội."
142/2008/qđ-ttg+4,142/2008/qđ-ttg,"Điều 4. Đối tượng quy định tại khoản 1 Điều 2 đã từ trần trước ngày 01 tháng 01 năm 2009, đối tượng quy định tại Điều 3 đã từ trần trước ngày Quyết định này có hiệu lực thi hành (bao gồm cả số từ trần khi tại ngũ) thì một trong những người sau đây: vợ hoặc chồng; bố đẻ, mẹ đẻ; con đẻ, con nuôi hoặc người nuôi dưỡng hợp pháp của người từ trần được hưởng chế độ trợ cấp một lần bằng 3.000.000 đồng."
142/2008/qđ-ttg+5,142/2008/qđ-ttg,Điều 5. Nguồn kinh phí thực hiện các chế độ quy định tại Quyết định này do ngân sách Trung ương bảo đảm.
144/2016/nđ-cp+6,144/2016/nđ-cp,"Điều 6. Thành phố được thực hiện cơ chế hỗ trợ một phần lãi suất cho các tổ chức, cá nhân khi vay vốn để đầu tư các dự án phát triển kinh tế - xã hội quan trọng có khả năng thu hồi vốn trong phạm vi và khả năng của ngân sách Thành phố."
144/2016/nđ-cp+7,144/2016/nđ-cp,Điều 7. Thành phố được bán nhà ở xã hội được đầu tư bằng nguồn vốn ngân sách nhà nước theo hình thức thu tiền một lần để tái đầu tư xây dựng nhà ở xã hội khác trên địa bàn. Ủy ban nhân dân Thành phố xây dựng Đề án báo cáo Bộ Xây dựng thống nhất bằng văn bản trước khi tổ chức thực hiện.
148/2017/nđ-cp+1,148/2017/nđ-cp,Điều 1. Ban hành kèm theo Nghị định này Điều lệ tổ chức và hoạt động của Tổng công ty Đầu tư và Kinh doanh vốn nhà nước.
148/2017/nđ-cp+2,148/2017/nđ-cp,Điều 2. Nghị định này có hiệu lực thi hành từ ngày ký ban hành và thay thế Nghị định số 57/2014/NĐ-CP ngày 16 tháng 6 năm 2014 của Chính phủ về Điều lệ tổ chức và hoạt động của Tổng công ty Đầu tư và Kinh doanh vốn nhà nước.
14/2014/tt-bxd+1,14/2014/tt-bxd,"Điều 1. Ban hành kèm theo Thông tư này Quy chuẩn kỹ thuật quốc gia “An toàn trong xây dựng”, mã số QCVN 18: 2014/BXD."
14/2014/tt-bxd+2,14/2014/tt-bxd,Điều 2. Thông tư này có hiệu lực thi hành kể từ ngày 01/11/2014.
14/2016/tt-bvhttdl+2,14/2016/tt-bvhttdl,"Điều 2. Tiêu chí của Trung tâm Văn hóa - Thể thao phường, thị trấn"
14/2017/tt-bgdđt+2,14/2017/tt-bgdđt,Điều 2. Thông tư này có hiệu lực thi hành kể từ ngày 22 tháng 7 năm 2017 và thay thế quy định về tổ chức và hoạt động của Hội đồng quốc gia thẩm định chương trình giáo dục phổ thông tại Quyết định số 37/2001/QĐ-BGDĐT ngày 10 tháng 8 năm 2001 của Bộ trưởng Bộ Giáo dục và Đào tạo về việc ban hành Quy chế Tổ chức và hoạt động của Hội đồng quốc gia thẩm định chương trình và thẩm định sách giáo khoa giáo dục phổ thông.
14/2019/tt-bkhcn+1,14/2019/tt-bkhcn,Điều 1. Ban hành kèm theo Thông tư này Quy chuẩn kỹ thuật quốc gia về khí dầu mỏ hóa lỏng (LPG) (QCVN 08:2019/BKHCN).
14/2020/tt-bgdđt+1,14/2020/tt-bgdđt,Điều 1. Ban hành kèm theo Thông tư này Quy định phòng học bộ môn của cơ sở giáo dục phổ thông.
155/2020/nd-cp+13,155/2020/nd-cp,"Điều 13, Điều 14 Nghị định số 151/2018/NĐ-CP ngày 07 tháng 11 năm 2018 của Chính phủ sửa đổi, bổ sung một số quy định về điều kiện đầu tư, kinh doanh thuộc phạm vi quản lý nhà nước của Bộ Tài chính."
154/2018/nđ-cp+5,154/2018/nđ-cp,"Điều 5. Bãi bỏ Nghị định số 87/2016/NĐ-CP  ngày 01 tháng 7 năm 2016 của Chính phủ về điều kiện kinh doanh mũ bảo hiểm cho người đi mô tô, xe máy."
155/2020/nđ-cp+13,155/2020/nđ-cp,"Điều 13, Điều 14 Nghị định số 151/2018/NĐ-CP ngày 07 tháng 11 năm 2018 của Chính phủ sửa đổi, bổ sung một số quy định về điều kiện đầu tư, kinh doanh thuộc phạm vi quản lý nhà nước của Bộ Tài chính."
15/2019/tt-nhnn+5,15/2019/tt-nhnn,"Điều 5. Bãi bỏ khoản 3, 6 Điều 1 Thông tư số 11/2016/TT-NHNN."
165/2007/nđ-cp+2,165/2007/nđ-cp,"Điều 2. Nghị định này có hiệu lực thi hành sau 15 ngày, kể từ ngày đăng Công báo. Các quy định trước đây trái với Nghị định này đều bị bãi bỏ."
165/2007/nđ-cp+3,165/2007/nđ-cp,Điều 3. Thống đốc Ngân hàng Nhà nước Việt Nam chịu trách nhiệm hướng dẫn thực hiện Nghị định này.
16/2014/tt-btnmt+1,16/2014/tt-btnmt,Điều 1. Ban hành kèm theo Thông tư này Quy chế hoạt động của Hội đồng đấu giá quyền khai thác khoáng sản theo quy định tại Khoản 3 Điều 12 Nghị định số 22/2012/NĐ-CP ngày 26 tháng 3 năm 2012 của Chính phủ quy định về đấu giá quyền khai thác khoáng sản.
16/2014/tt-btnmt+2,16/2014/tt-btnmt,Điều 2. Thông tư này có hiệu lực thi hành kể từ ngày 02 tháng 6 năm 2014.
172/2016/nđ-cp+1,172/2016/nđ-cp,Điều 1. Bãi bỏ khoản 6 Điều 6 Nghị định số 67/2014/NĐ-CP ngày 07 tháng 7 năm 2014 của Chính phủ về một số chính sách phát triển thủy sản.
1789/2005/qđ-nhnn+1,1789/2005/qđ-nhnn,"Điều 1. Ban hành kèm theo Quyết định này ""Chế độ chứng từ kế toán ngân hàng""."
1789/2005/qđ-nhnn+2,1789/2005/qđ-nhnn,"Điều 2. Quyết định này có hiệu lực thi hành sau 15 ngày kể từ ngày đăng Công báo và thay thế các Quyết định số 321/QĐ-NH2 ngày 04/12/1996 của Thống đốc Ngân hàng Nhà nước về việc ban hành Chế độ chứng từ kế toán ngân hàng, tổ chức tín dụng và Quyết định số 308/QĐ-NH2 ngày 16/9/1997 của Thống đốc Ngân hàng Nhà nước về việc ban hành Quy chế về lập, sử dụng, kiểm soát, xử lý, bảo quản và lưu trữ chứng từ điện tử của các Ngân hàng và tổ chức tín dụng."
17/2017/tt-blđtbxh+1,17/2017/tt-blđtbxh,"Điều 1. Ban hành kèm theo Thông tư này Quy chế công tác học sinh, sinh viên trong trường trung cấp, trường cao đẳng."
17/2017/tt-blđtbxh+2,17/2017/tt-blđtbxh,"Điều 2. Thông tư này có hiệu lực thi hành từ ngày 14 tháng 8 năm 2017; bãi bỏ Quyết định số 26/2007/QĐ-BLĐTBXH ngày 24 tháng 12 năm 2007 của Bộ trưởng Bộ Lao động - Thương binh và Xã hội ban hành Quy chế công tác học sinh, sinh viên trong các cơ sở dạy nghề hệ chính quy và Quyết định số 54/2008/QĐ-BLĐTBXH ngày 19 tháng 5 năm 2008 của Bộ trưởng Bộ Lao động - Thương binh và Xã hội ban hành Quy chế đánh giá kết quả rèn luyện của học sinh, sinh viên hệ chính quy trong các cơ sở dạy nghề."
188/1999/qđ-ttg+1,188/1999/qđ-ttg,"Điều 1. Nay quy định chế độ tuần làm việc 40 giờ trong 5 ngày, nghỉ ngày thứ bẩy và chủ nhật hàng tuần đối với cán bộ, công chức và người lao động trong các cơ quan, đơn vị hành chính, sự nghiệp, tổ chức chính trị, tổ chức chính trị - xã hội (gọi chung là đơn vị)."
188/1999/qđ-ttg+4,188/1999/qđ-ttg,"Điều 4. Khuyến khích các doanh nghiệp, cơ sở sản xuất kinh doanh thuộc các thành phần kinh tế khác và các cơ quan, tổ chức nước ngoài, tổ chức Quốc tế tại Việt Nam có sử dụng lao động, thực hiện tuần làm việc 40 giờ trong 5 ngày."
188/1999/qđ-ttg+5,188/1999/qđ-ttg,"Điều 5. Khi thực hiện chế độ tuần làm việc 40 giờ mức tiền lương ngày để trả lương làm thêm giờ, làm đêm, trả trợ cấp bảo hiểm xã hội thay lương v.v... vẫn thực hiện theo quy định hiện hành."
188/1999/qđ-ttg+6,188/1999/qđ-ttg,Điều 6. Quyết định này có hiệu lực thi hành từ ngày 02 tháng 10 năm 1999.
18/2011/nđ-cp+2,18/2011/nđ-cp,Điều 2. Nghị định này có hiệu lực từ ngày 12 tháng 05 năm 2011.
18/2018/tt-blđtbxh+6,18/2018/tt-blđtbxh,"Điều 6. Bãi bỏ Thông tư số 23/2013/TT-BLĐTBXH ngày 16 tháng 10 năm 2013 của Bộ trưởng Bộ Lao động - Thương binh và Xã hội hướng dẫn một số điều về hợp tác, đầu tư của nước ngoài trong lĩnh vực dạy nghề của Nghị định số 73/2012/NĐ-CP ngày 26 tháng 9 năm 2012 của Chính phủ quy định về hợp tác, đầu tư của nước ngoài trong lĩnh vực giáo dục"
1913/2005/qđ-nhnn+22,1913/2005/qđ-nhnn,"Điều 22. Mọi hành vi làm huỷ hoại, làm hư hỏng hoặc mất tài liệu kế toán lưu trữ, tuỳ theo tính chất, mức độ vi phạm sẽ bị xử phạt hành chính hoặc bị xử lý theo quy định của pháp luật."
19/2011/tt-bgdđt+1,19/2011/tt-bgdđt,Điều 1. Ban hành kèm theo Thông tư này mẫu bằng tốt nghiệp đại học.
19/2015/nđ-cp+1,19/2015/nđ-cp,"Điều 1. Phê duyệt Kế hoạch bảo vệ môi trường trong hoạt động phá dỡ con tàu có số đăng ký…. quốc tịch…. của (tên doanh nghiệp, địa chỉ) đáp ứng các yêu cầu bảo vệ môi trường trong quá trình phá dỡ."
19/2015/nđ-cp+2,19/2015/nđ-cp,"Điều 2. Trách nhiệm của tổ chức, cá nhân trong hoạt động phá dỡ tàu biển."
19/2018/tt-bgdđt+1,19/2018/tt-bgdđt,Điều 1. Ban hành kèm theo Thông tư này Quy định về kiểm định chất lượng giáo dục và công nhận đạt chuẩn quốc gia đối với trường mầm non.
19/2019/tt-bgdđt+1,19/2019/tt-bgdđt,"Điều 1. Ban hành kèm theo Thông tư này Quy chế bồi dưỡng thường xuyên giáo viên, cán bộ quản lý cơ sở giáo dục mầm non, cơ sở giáo dục phổ thông và giáo viên trung tâm giáo dục thường xuyên."
19/2019/tt-bgdđt+2,19/2019/tt-bgdđt,"Điều 2. Thông tư này có hiệu lực thi hành kể từ ngày 28 tháng 12 năm 2019. Thông tư này thay thế Thông tư số 26/2012/TT-BGDĐT ngày 10 tháng 7 năm 2012 của Bộ trưởng Bộ Giáo dục và Đào tạo ban hành Quy chế bồi dưỡng thường xuyên giáo viên mầm non, phổ thông và giáo dục thường xuyên."
203/2013/nđ-cp+2,203/2013/nđ-cp,"Điều 2. (Tên tổ chức, cá nhân nộp tiền) có trách nhiệm nộp tiền theo đúng quy định tại Điều 1 Quyết định này và theo Thông báo của Cục Thuế (tên Cục Thuế)."
20/2000/qđ-ttg+2,20/2000/qđ-ttg,"Điều 2. Người hoạt động cách mạng từ trước năm 1945 không ở nhà thuê thuộc sở hữu nhà nước hoặc có thuê nhưng đã trả lại cho nhà nước, được hỗ trợ 50 triệu đồng."
20/2000/qđ-ttg+4,20/2000/qđ-ttg,"Điều 4. Diện tích nhà ở, đất ở của người được hỗ trợ khi mua nhà ở thuộc sở hữu nhà nước quy định tại Điều 1, Điều 3 là diện tích hiện đang ở thuê, được mua theo quy định hiện hành; nếu đang ở thuê nhiều nơi khác nhau thì cộng chung tất cả diện tích đang thuê. Trường hợp diện tích nhà ở, đất ở lớn hơn mức được hỗ trợ, thì người mua phải thanh toán phần diện tích vượt đó theo gia quy định tại Nghị định số 61/CP đối với phần nhà và tại Nghị định số 87/CP ngày 17 tháng 8 năm 1994 đối với phần đất."
20/2001/nđ-cp+1,20/2001/nđ-cp,"Điều 1. Nghị định này quy định tiêu chuẩn, thủ tục bổ nhiệm và miễn nhiệm các chức danh giáo sư và phó giáo sư."
20/2001/nđ-cp+2,20/2001/nđ-cp,Điều 2. Thủ tục bổ nhiệm các chức danh giáo sư và phó giáo sư bao gồm việc xét công nhận các chức danh này và việc bổ nhiệm vào các ngạch giáo sư và phó giáo sư. Thủ tục miễn nhiệm các chức danh giáo sư và phó giáo sư bao gồm việc xét tước bỏ các chức danh này và việc miễn nhiệm khỏi các ngạch giáo sư và phó giáo sư tương ứng.
20/2001/nđ-cp+5,20/2001/nđ-cp,"Điều 5. Đối tượng được bổ nhiệm vào ngạch giáo sư, phó giáo sư gồm các nhà giáo đã được công nhận chức danh giáo sư, phó giáo sư hoặc đã có học hàm giáo sư, phó giáo sư thuộc biên chế giảng viên của các cơ sở giáo dục đại học và sau đại học."
20/2001/nđ-cp+7,20/2001/nđ-cp,Điều 7. Những người đã được bổ nhiệm vào ngạch giáo sư hoặc phó giáo sư nhưng chuyển sang vị trí công tác khác mà ở đó không có ngạch giáo sư hoặc phó giáo sư thì xếp chuyển ngạch tương ứng.
20/2001/nđ-cp+13,20/2001/nđ-cp,"Điều 13. Hội đồng Chức danh giáo sư nhà nước do Thủ tướng Chính phủ thành lập để giúp Thủ tướng Chính phủ chỉ đạo và thực hiện việc xét, công nhận và tước bỏ các chức danh giáo sư, phó giáo sư."
20/2001/nđ-cp+15,20/2001/nđ-cp,"Điều 15. Hội đồng Chức danh giáo sư nhà nước làm việc theo nguyên tắc tập thể, dân chủ, biểu quyết công khai hoặc bỏ phiếu kín để quyết định những vấn đề quan trọng."
20/2001/nđ-cp+16,20/2001/nđ-cp,Điều 16. Hội đồng Chức danh giáo sư nhà nước có con dấu hình quốc huy và tài khoản riêng. Kinh phí hoạt động của Hội đồng do ngân sách nhà nước cấp thông qua Bộ Giáo dục và Đào tạo. Trụ sở làm việc của Hội đồng đặt tại trụ sở của Bộ Giáo dục và Đào tạo.
20/2001/nđ-cp+19,20/2001/nđ-cp,"Điều 19. Hội đồng Chức danh giáo sư nhà nước có trách nhiệm hướng dẫn thực hiện việc xét công nhận, tước bỏ chức danh giáo sư, phó giáo sư theo quy định tại Nghị định này."
20/2001/nđ-cp+20,20/2001/nđ-cp,Điều 20. Những người đã được công nhận chức danh giáo sư hoặc phó giáo sư và những người đã có học hàm giáo sư hoặc phó giáo sư được coi là đã qua kỳ thi nâng ngạch và được bổ nhiệm vào ngạch giáo sư hoặc ngạch phó giáo sư theo các quy định tại Điều 8 và Điều 21 Nghị định này.
20/2001/nđ-cp+23,20/2001/nđ-cp,"Điều 23. Bộ trưởng, Trưởng Ban Tổ chức - Cán bộ Chính phủ chủ trì, phối hợp với Bộ trưởng Bộ Giáo dục và Đào tạo và các Bộ, ngành có liên quan hướng dẫn thực hiện việc bổ nhiệm, miễn nhiệm ngạch công chức giáo sư, phó giáo sư quy định tại Nghị định này."
20/2001/nđ-cp+24,20/2001/nđ-cp,"Điều 24. Công dân, cơ quan, tổ chức có quyền khiếu nại về việc công nhận, tước bỏ, bổ nhiệm, miễn nhiệm chức danh giáo sư, phó giáo sư."
20/2001/nđ-cp+25,20/2001/nđ-cp,"Điều 25. Công dân có quyền tố cáo việc công nhận, tước bỏ, bổ nhiệm, miễn nhiệm chức danh giáo sư, phó giáo sư."
20/2001/nđ-cp+26,20/2001/nđ-cp,"Điều 26. Thủ tục giải quyết khiếu nại, tố cáo thực hiện theo quy định của pháp luật về khiếu nại, tố cáo."
20/2001/nđ-cp+27,20/2001/nđ-cp,"Điều 27. Bộ trưởng, Trưởng Ban Tổ chức - Cán bộ Chính phủ chủ trì, phối hợp với Bộ trưởng các Bộ : Tài chính, Lao động - Thương binh và Xã hội, Giáo dục và Đào tạo, Chủ tịch Hội đồng Chức danh giáo sư nhà nước, đề xuất các chế độ, chính sách đối với những người được công nhận chức danh giáo sư, phó giáo sư, những người được bổ nhiệm vào ngạch giáo sư, ngạch phó giáo sư, trình Thủ tướng Chính phủ quyết định."
20/2001/nđ-cp+28,20/2001/nđ-cp,"Điều 28. Nghị định này có hiệu lực sau 15 ngày, kể từ ngày ký. Bãi bỏ Nghị định số 21/CP ngày 04 tháng 3 năm 1995 của Chính phủ về việc thành lập Hội đồng Học hàm Nhà nước, Quyết định số 200/TTg ngày 04 tháng 4 năm 1995 của Thủ tướng Chính phủ về việc ban hành Quy chế xét duyệt và công nhận học hàm giáo sư, phó giáo sư và những quy định trước đây trái với Nghị định này."
20/2013/tt-bgdđt+1,20/2013/tt-bgdđt,"Điều 1. Ban hành kèm theo Thông tư này Quy định bồi dưỡng chuyên môn, nghiệp vụ cho giảng viên các cơ sở giáo dục đại học."
20/2013/tt-bgdđt+2,20/2013/tt-bgdđt,Điều 2. Thông tư này có hiệu lực thi hành kể từ ngày 19 tháng 7 năm 2013.
20/2014/nđ-cp+5,20/2014/nđ-cp,Điều 5. Chương trình giáo dục thực hiện phổ cập giáo dục mầm non cho trẻ em 5 tuổi
20/2014/nđ-cp+8,20/2014/nđ-cp,Điều 8. Chương trình giáo dục thực hiện phổ cập giáo dục tiểu học
20/2014/nđ-cp+13,20/2014/nđ-cp,Điều 13. Chương trình giáo dục thực hiện phổ cập giáo dục trung học cơ sở
20/2014/nđ-cp+18,20/2014/nđ-cp,Điều 18. Chương trình giáo dục thực hiện xóa mù chữ
20/2019/tt-bgdđt+1,20/2019/tt-bgdđt,"Điều 1. Bãi bỏ các quy định về kiểm tra và cấp chứng chỉ ngoại ngữ theo chương trình giáo dục thường xuyên tại Quyết định số 30/2008/QĐ-BGDĐT ngày 06 tháng 6 năm 2008 của Bộ trưởng Bộ Giáo dục và Đào tạo ban hành Quy định về tổ chức đào tạo, bồi dưỡng, kiểm tra và cấp chứng chỉ ngoại ngữ, tin học theo chương trình giáo dục thường xuyên."
20/2019/tt-btnmt+1,20/2019/tt-btnmt,"Điều 1. Ban hành kèm theo Thông tư này quy trình kỹ thuật xây dựng, duy trì, vận hành hệ thống thông tin ngành tài nguyên và môi trường."
21-lct/hđnn8+54,21-lct/hđnn8,Điều 54. Những quy định trước đây trái với Luật này đều bãi bỏ.
216/2011/tt-bqp+6,216/2011/tt-bqp,Điều 6. Chương trình bồi dưỡng kiến thức pháp luật về giao thông đường bộ
21/2016/tt-nhnn+2,21/2016/tt-nhnn,Điều 2. Bãi bỏ Khoản 2 Điều 2 và Điều 4 Thông tư số 04/2013/TT-NHNN.
21/2017/tt-bgdđt+13,21/2017/tt-bgdđt,Điều 13. Thông tư này có hiệu lực thi hành kể từ ngày 23 tháng 10 năm 2017.
21/2019/tt-bgdđt+1,21/2019/tt-bgdđt,"Điều 1. Ban hành kèm theo Thông tư này Quy chế quản lý bằng tốt nghiệp trung học cơ sở, bằng tốt nghiệp trung học phổ thông, bằng tốt nghiệp trung cấp sư phạm, bằng tốt nghiệp cao đẳng sư phạm, văn bằng giáo dục đại học và chứng chỉ của hệ thống giáo dục quốc dân."
22/2013/qđ-ttg+9,22/2013/qđ-ttg,Điều 9. Quyết định này có hiệu lực thi hành kể từ ngày 15 tháng 6 năm 2013.
22/2013/tt-byt+8,22/2013/tt-byt,"Điều 8. Thẩm định và ban hành chương trình, tài liệu đào tạo liên tục"
22/2014/tt-btttt+1,22/2014/tt-btttt,"Điều 1. Ban hành kèm theo Thông tư này Quy hoạch kho số viễn thông và các bảng sau: Bảng quy hoạch mã đích quốc gia (Phụ lục 1 kèm theo); Bảng quy hoạch số thuê bao (Phụ lục 2 kèm theo); Bảng quy hoạch mã, số dịch vụ (Phụ lục 3 kèm theo); Bảng quy hoạch mã định tuyến kỹ thuật (Phụ lục 4 kèm theo)."
23/2008/qđ-nhnn+2,23/2008/qđ-nhnn,"Điều 2. Quyết định này có hiệu lực kể từ ngày 01/01/2009 và thay thế Quyết định số 1511/2001/QĐ-NHNN ngày 30/11/2001 về việc ban hành Chế độ Báo cáo tài chính của Ngân hàng Nhà nước và Quyết định số 1405/2002/QĐ-NHNN ngày 19/12/2002 của Thống đốc Ngân hàng Nhà nước về việc sửa đổi, bổ sung một số chỉ tiêu trong Bảng cân đối kế toán của Ngân hàng Nhà nước tại Chế độ Báo cáo tài chính của Ngân hàng Nhà nước."
23/2010/tt-btnmt+1,23/2010/tt-btnmt,"Điều 1: Ban hành kèm theo Thông tư này Quy định điều tra khảo sát, đánh giá hệ sinh thái san hô, hệ sinh thái cỏ biển và đất ngập nước vùng ven biển và hải đảo."
23/2010/tt-btnmt+2,23/2010/tt-btnmt,Điều 2: Thông tư này có hiệu lực thi hành kể từ ngày 01 tháng 01 năm 2011.
23/2013/tt-bct+2,23/2013/tt-bct,"Điều 2: Trách nhiệm của chủ đầu tư và của tổ chức tư vấn lập Thiết kế kỹ thuật về bổ sung, hoàn thiện Thiết kế kỹ thuật (nếu có)."
23/2015/tt-bct+3,23/2015/tt-bct,Điều 3. Việc lựa chọn Chủ đầu tư BOT được thực hiện theo quy định của pháp luật về đấu thầu.
23/2017/tt-btc+2,23/2017/tt-btc,Điều 2. Bãi bỏ điểm b khoản 1 Điều 28.
24/2010/tt-btnmt+5,24/2010/tt-btnmt,"Điều 5. Nội dung của bản đồ địa hình đáy biển tỷ lệ 1:10.000, 1:50.000 tuân theo các quy định tại Quy định cơ sở toán học, độ chính xác, nội dung và ký hiệu bản đồ địa hình đáy biển tỷ lệ 1:10.000 và Quy định kỹ thuật thành lập bản đồ địa hình đáy biển tỷ lệ 1:50.000. Đối với bản đồ địa hình đáy biển các tỷ lệ khác tuân theo yêu cầu kỹ thuật do các cơ quan có thẩm quyền ban hành hoặc quy định trong từng nhiệm vụ cụ thể."
24/2019/tt-bgdđt+1,24/2019/tt-bgdđt,"Điều 1. Ban hành kèm theo Thông tư này Quy chế đào tạo trình độ trung cấp, trình độ cao đẳng nhóm ngành đào tạo giáo viên."
24/2019/tt-bgdđt+2,24/2019/tt-bgdđt,"Điều 2. Thông tư này có hiệu lực thi hành từ ngày 11 tháng 02 năm 2020 và thay thế Thông tư số 22/2014/TT-BGDĐT ngày 09 tháng 7 năm 2014 của Bộ trưởng Bộ Giáo dục và Đào tạo ban hành Quy chế đào tạo trung cấp chuyên nghiệp hệ chính quy, Thông tư số 46/2011/TT-BGDĐT ngày 17 tháng 10 năm 2011 của Bộ trưởng Bộ Giáo dục và Đào tạo ban hành Quy chế đào tạo trung cấp chuyên nghiệp theo hình thức vừa làm vừa học; Thay thế các nội dung quy định về đào tạo trình độ cao đẳng tại Quyết định số 25/QĐ-BGDĐT ngày 26 tháng 6 năm 2006 của Bộ trưởng Bộ Giáo dục và Đào tạo ban hành Quy chế đào tạo đại học và cao đẳng hệ chính quy, Quyết định số 43/QĐ-BGDĐT ngày 15 tháng 8 năm 2007 của Bộ trưởng Bộ Giáo dục và Đào tạo ban hành Quy chế đào tạo đại học và cao đẳng hệ chính quy theo hệ thống tín chỉ, Thông tư số 57/2012/TT-BGDĐT ngày 27 tháng 12 năm 2012 của Bộ trưởng Bộ Giáo dục và Đào tạo sửa đổi, bổ sung một số điều của Quy chế đào tạo đại học và cao đẳng hệ chính quy theo hệ thống tín chỉ, ban hành kèm theo Quyết định số 43/QĐ-BGDĐT ngày 15 tháng 8 năm 2007 của Bộ trưởng Bộ Giáo dục và Đào tạo, Quyết định số 36/QĐ-BGDĐT ngày 28 tháng 6 năm 2007 của Bộ trưởng Bộ Giáo dục và Đào tạo Quy chế đào tạo đại học và cao đẳng hình thức vừa làm vừa học, Thông tư số 10/2018/TT-BGDĐT ngày 30 tháng 3 năm 2018 của Bộ trưởng Bộ Giáo dục và Đào tạo quy định về đào tạo bằng tốt nghiệp thứ 2 trình độ đại học, trình độ cao đẳng nhóm ngành đào tạo giáo viên; thay thế các nội dung quy định về liên kết đào tạo trình độ trung cấp chuyên nghiệp, cao đẳng tại Quyết định số 42/QĐ-BGDĐT ngày 28 tháng 7 năm 2008 của Bộ trưởng Bộ Giáo dục và Đào tạo ban hành quy định liên kết đào tạo trình độ trung cấp chuyên nghiệp, cao đẳng, đại học."
25/2012/tt-bgdđt+2,25/2012/tt-bgdđt,Điều 2. Thông tư này có hiệu lực thi hành kể từ ngày 14 tháng 8 năm 2012. Thông tư này thay thế Quyết định số 26/2003/QĐ-BGDĐT ngày 16 tháng 6 năm 2003 của Bộ trưởng Bộ Giáo dục và Đào tạo ban hành Điều lệ Hội thi giáo viên dạy giỏi trung cấp chuyên nghiệp.
25/2015/tt-bgdđt+3,25/2015/tt-bgdđt,Điều 3. Mục tiêu
25/2016/qđ-ttg+1,25/2016/qđ-ttg,Điều 1. Ban hành kèm theo Quyết định này Quy chế quản lý hoạt động của Cảng quốc tế Cam Ranh - Bộ Quốc phòng.
25/2016/qđ-ttg+2,25/2016/qđ-ttg,Điều 2. Quyết định này có hiệu lực thi hành từ ngày 15 tháng 8 năm 2016.
25/2018/tt-nhnn+2,25/2018/tt-nhnn,"Điều 2. Bãi bỏ điểm d khoản 4 Điều 8 và Mẫu biểu 01, 02, 03, 04, 05, 06 ban hành kèm theo Thông tư số 10/2015/TT-NHNN."
25/2019/nđ-cp+2,25/2019/nđ-cp,"Điều 2. Thay thế các Phụ lục I, II, III ban hành kèm theo Nghị định số 13/2011/NĐ-CP ngày 11 tháng 02 năm 2011 bằng các Phụ lục I, II, III tương ứng ban hành kèm theo Nghị định này."
25/2019/nđ-cp+3,25/2019/nđ-cp,Điều 3. Thay thế cụm từ “đối tượng tiếp giáp” bằng cụm từ “đối tượng được bảo vệ” tại các Điều: Điều 3; Điều 11; tên Điều 19 và khoản 1 Điều 19; Điều 21; khoản 2 Điều 26.
26/2008/qđ-byt+1,26/2008/qđ-byt,Điều 1. Ban hành kèm theo Quyết định này 94 Quy trình kỹ thuật Y học cổ truyền (Có danh mục kèm theo).
26/2008/qđ-byt+2,26/2008/qđ-byt,"Điều 2. Quy trình kỹ thuật Y học cổ truyền là tài liệu áp dụng cho các cơ sở khám chữa bệnh của nhà nước, tư nhân và các cơ sở khám chữa bệnh có vốn đầu tư nước ngoài tại Việt Nam."
26/2014/qđ-ttg+1,26/2014/qđ-ttg,Điều 1. Ban hành kèm theo Quyết định này Quy chế tổ chức và hoạt động của Đại học quốc gia và các cơ sở giáo dục đại học thành viên.
26/2016/qđ-ttg+1,26/2016/qđ-ttg,Điều 1. Ban hành kèm theo Quyết định này Quy chế hoạt động ứng phó sự cố hóa chất độc.
26/2016/qđ-ttg+2,26/2016/qđ-ttg,Điều 2. Quyết định này có hiệu lực thi hành từ ngày 01 tháng 7 năm 2016.
26/2018/nđ-cp+1,26/2018/nđ-cp,Điều 1. Ban hành kèm theo Nghị định này Điều lệ tổ chức và hoạt động của Tập đoàn Điện lực Việt Nam.
26/2018/nđ-cp+2,26/2018/nđ-cp,Điều 2. Nghị định này có hiệu lực thi hành kể từ ngày ký ban hành và thay thế Nghị định số 205/2013/NĐ-CP ngày 06 tháng 12 năm 2013 của Chính phủ về Điều lệ tổ chức và hoạt động của Tập đoàn Điện lực Việt Nam.
27/2013/tt-nhnn+2,27/2013/tt-nhnn,"Điều 2. Bãi bỏ Điều 8 Thông tư số 02/2012/TT-NHNN ngày 27/02/2012 về hướng dẫn giao dịch hối đoái giữa Ngân hàng Nhà nước Việt Nam và các tổ chức tín dụng, chi nhánh ngân hàng nước ngoài."
28/2015/ttlt-byt-bnv+2,28/2015/ttlt-byt-bnv,"Điều 2. Mã số, phân hạng chức danh nghề nghiệp dinh dưỡng"
28/2016/tt-nhnn+2,28/2016/tt-nhnn,"Điều 2. Trong quá trình thực hiện hoạt động ngoại hối, Ngân hàng Phát triển Việt Nam phải chấp hành đúng các quy định hiện hành về quản lý ngoại hối và các quy định pháp luật có liên quan."
28/2020/qđ-ttg+1,28/2020/qđ-ttg,Điều 1. Ban hành kèm theo Quyết định này Danh mục phế liệu được phép nhập khẩu từ nước ngoài làm nguyên liệu sản xuất.
290/2005/qđ-ttg+2,290/2005/qđ-ttg,"Điều 2. Các đối tượng quy định tại khoản 1 Điều 1 Quyết định này, nếu chưa được khen thưởng thành tích tham gia kháng chiến chống Mỹ thì được thực hiện theo quy định hiện hành."
290/2005/qđ-ttg+3,290/2005/qđ-ttg,Điều 3. Nguồn kinh phí thực hiện các chế độ quy định tại Quyết định này do ngân sách nhà nước bảo đảm theo quy định của Luật Ngân sách nhà nước.
290/2005/qđ-ttg+6,290/2005/qđ-ttg,"Điều 6. Quyết định này có hiêu lực thi hành sau 15 ngày, kể từ ngày đăng công báo."
29/2019/qđ-ttg+2,29/2019/qđ-ttg,Điều 2. Quyết định này có hiệu lực thi hành kể từ ngày 25 tháng 11 năm 2019.
29/2020/tt-btc+9,29/2020/tt-btc,"Điều 9. Vi phạm quy định về giao, sử dụng tài sản của các dự án sử dụng vốn nhà nước quy định tại"
30/2004/qđ-bgtvt+1,30/2004/qđ-bgtvt,Điều 1: Ban hành kèm theo Quyết định này “Quy định tiêu chuẩn kỹ thuật của tín hiệu trên phương tiện thủy nội địa”.
30/2004/qđ-bgtvt+3,30/2004/qđ-bgtvt,"Điều 3: Quyết định này có hiệu lực sau 15 ngày, kể từ ngày đăng Công Báo."
30/2015/ttlt-blđtbxh-bnv+2,30/2015/ttlt-blđtbxh-bnv,Điều 2. Mã số và phân hạng chức danh nghề nghiệp viên chức chuyên ngành công tác xã hội
30/2019/qđ-ttg+1,30/2019/qđ-ttg,"Điều 1. Ban hành kèm theo Quyết định này Quy chế xây dựng, quản lý, thực hiện Chương trình Thương hiệu quốc gia Việt Nam."
30/2019/qđ-ttg+2,30/2019/qđ-ttg,Điều 2. Quyết định này có hiệu lực thi hành từ ngày 01 tháng 12 năm 2019.
31/2019/tt-bct+4,31/2019/tt-bct,"Điều 4. Bãi bỏ nội dung quy định tại Khoản 14, Khoản 15 Điều 3 Thông tư số 40/2014/TT-BCT ngày 05 tháng 11 năm 2014 của Bộ trưởng Bộ Công Thương quy định quy trình điều độ hệ thống điện quốc gia."
31/2019/tt-bgtvt+6,31/2019/tt-bgtvt,Điều 6. Tốc độ tối đa cho phép xe cơ giới tham gia giao thông trong khu vực đông dân cư (trừ đường cao tốc)
31/2019/tt-bgtvt+7,31/2019/tt-bgtvt,Điều 7. Tốc độ tối đa cho phép xe cơ giới tham gia giao thông ngoài khu vực đông dân cư (trừ đường cao tốc)
31/2020/nđ-cp+2,31/2020/nđ-cp,"Điều 2. Bãi bỏ khoản 4 Điều 7, khoản 1 Điều 19 Nghị định số 115/2013/NĐ-CP ngày 03 tháng 10 năm 2013 của Chính phủ quy định về quản lý, bảo quản tang vật, phương tiện vi phạm hành chính bị tạm giữ, tịch thu theo thủ tục hành chính."
32/2011/qđ-ttg+5,32/2011/qđ-ttg,"Điều 5. Quyết định này có hiệu lực thi hành kể từ ngày 22 tháng 7 năm 2011 và thay thế Quyết định số 234/2006/QĐ-TTg  ngày 18 tháng 10 năm 2006 của Thủ tướng Chính phủ về một số chế độ đối với huấn luyện viên, vận động viên thể thao."
32/2014/tt-nhnn+2,32/2014/tt-nhnn,"Điều 2. Bãi bỏ Phụ lục 01, Phụ lục 02 đính kèm Thông tư số 11/2013/TT-NHNN."
32/2017/tt-bgdđt+2,32/2017/tt-bgdđt,Điều 2. Thông tư này có hiệu lực thi hành kể từ ngày 03 tháng 02 năm 2018.
32/2018/nđ-cp+2,32/2018/nđ-cp,"Điều 2. Bãi bỏ quy định tại điểm a khoản 3 Điều 31 Nghị định số 91/2015/NĐ-CP ngày 13 tháng 10 năm 2015 của Chính phủ về đầu tư vốn nhà nước vào doanh nghiệp và quản lý, sử dụng vốn, tài sản tại doanh nghiệp."
32/2020/tt-bgdđt+1,32/2020/tt-bgdđt,"Điều 1. Ban hành kèm theo Thông tư này Điều lệ trường trung học cơ sở, trường trung học phổ thông và trường phổ thông có nhiều cấp học."
33/2012/qđ-ttg+1,33/2012/qđ-ttg,"Điều 1. Ban hành kèm theo Quyết định này Quy chế Phối hợp tìm kiếm, cứu nạn hàng không dân dụng."
33/2012/qđ-ttg+2,33/2012/qđ-ttg,Điều 2. Quyết định này có hiệu lực thi hành kể từ ngày 01 tháng 10 năm 2012.
33/2014/tt-bca+2,33/2014/tt-bca,Điều 2. Quyết định này có hiệu lực kể từ ngày ký.
33/2017/qđ-ttg+1,33/2017/qđ-ttg,"Điều 1. Ban hành kèm theo Quyết định này Quy chế tiếp nhận, giải quyết và trả lời kiến nghị của cử tri do Quốc hội chuyển đến."
33/2017/qđ-ttg+2,33/2017/qđ-ttg,Điều 2. Quyết định này có hiệu lực thi hành kể từ ngày 15 tháng 9 năm 2017.
33/2020/nđ-cp+2,33/2020/nđ-cp,Điều 2. Bãi bỏ điểm b khoản 2 Điều 64.
34/2018/tt-blđtbxh+6,34/2018/tt-blđtbxh,"Điều 6. Sửa đổi, bổ sung Điều 9 Thông tư số 31/2017/TT-BLĐTBXH ngày 29 tháng 12 năm 2017 quy định về đào tạo trình độ cao đẳng, trung cấp, sơ cấp theo hình thức đào tạo vừa làm vừa học như sau:"
35/2004/nđ-cp+1,35/2004/nđ-cp,"Điều 1. Phê chuẩn số lượng 14 (mười bốn) đơn vị bầu cử, 63 (sáu mươi ba) đại biểu Hội đồng nhân dân tỉnh, và số đại biểu được bầu ở mỗi đơn vị bầu cử đại biểu Hội đồng nhân dân tỉnh Đồng Tháp nhiệm kỳ 2004 - 2009 (có danh sách kèm theo)."
35/2004/nđ-cp+2,35/2004/nđ-cp,"Điều 2. Nghị định này có hiệu lực thi hành sau 15 ngày, kể từ ngày đăng Công báo."
35/2019/qđ-ttg+1,35/2019/qđ-ttg,Điều 1. Ban hành kèm theo Quyết định này Quy chế phối hợp liên ngành quản lý hoạt động nhập khẩu phế liệu.
35/2019/qđ-ttg+2,35/2019/qđ-ttg,Điều 2. Quyết định này có hiệu lực thi hành từ ngày 15 tháng 02 năm 2020.
36/2011/tt-bca+7,36/2011/tt-bca,Điều 7. Đến giờ quy định phạm nhân được nhận khẩu phần ăn của mình và phải ăn đúng nơi quy định. Cấm phạm nhân tự đun nấu trong khu vực giam giữ và tụ tập ăn uống.
36/2011/tt-bca+12,36/2011/tt-bca,"Điều 12. Phạm nhân có trách nhiệm bảo vệ tài sản của trại giam, của mình và của người khác, báo cáo kịp thời cho cán bộ trại giam về các hành vi xâm phạm đến tài sản đó."
36/2011/tt-bca+13,36/2011/tt-bca,"Điều 13. Cấm phạm nhân đe doạ, đánh đập, ức hiếp, cưỡng đoạt lẫn nhau, huỷ hoại thân thể, tự xăm trổ hoặc xăm trổ lên thân thể người khác, tự đeo lên cơ thể mình hoặc đeo cho người khác những vật thể bằng kim loại hoặc chất khác. Cấm các hình thức đồng tính luyến ái, quan hệ tình dục giữa phạm nhân với nhau hoặc với người khác (trừ quan hệ vợ, chồng khi được phép). Cấm phạm nhân lập hoặc tham gia hội, băng, nhóm dưới bất cứ hình thức nào."
36/2011/tt-bca+14,36/2011/tt-bca,"Điều 14. Cấm phạm nhân hút thuốc lá, thuốc lào trong buồng giam, bệnh xá, buồng kỷ luật, thư viện, phòng đọc sách, nơi học tập, sinh hoạt tập thể, nhà, xưởng lao động, học nghề, nơi có thể gây cháy, nổ hoặc những nơi có treo biển “cấm lửa”, “cấm hút thuốc”."
36/2015/tt-nhnn+1,36/2015/tt-nhnn,Điều 1. Chấp thuận việc sáp nhập ……… (*) vào ………. (**).
36/2015/tt-nhnn+5,36/2015/tt-nhnn,Điều 5. Quyết định này có hiệu lực kể từ ngày    tháng    năm     .
36/2017/tt-blđtbxh+1,36/2017/tt-blđtbxh,"Điều 1. Ban hành kèm theo Thông tư này Danh mục ngành, nghề học nặng nhọc, độc hại, nguy hiểm trình độ trung cấp, trình độ cao đẳng."
36/2017/tt-blđtbxh+2,36/2017/tt-blđtbxh,"Điều 2. Thông tư này có hiệu lực kể từ ngày 12 tháng 02 năm 2018. Thông tư này làm căn cứ để các Bộ, ngành, địa phương tổ chức thực hiện các quy định trong giáo dục nghề nghiệp liên quan đến các ngành, nghề học nặng nhọc, độc hại, nguy hiểm trình độ trung cấp, trình độ cao đẳng. Thông tư số 20/2014/TT-BLĐTBXH ngày 26 tháng 8 năm 2014 của Bộ trưởng Bộ Lao động - Thương binh và Xã hội ban hành Danh mục nghề học nặng nhọc, độc hại, nguy hiểm trình độ trung cấp nghề, trình độ cao đẳng nghề hết hiệu lực thi hành kể từ ngày Thông tư này có hiệu lực."
37/2016/tt-btc+2,37/2016/tt-btc,Điều 2. Các mức lãi suất quy định tại Điều 1 Thông tư này được áp dụng đối với các khoản giải ngân vốn vay cho doanh nghiệp nhỏ và vừa kể từ ngày Thông tư này có hiệu lực thi hành.
37/2018/tt-blđtbxh+3,37/2018/tt-blđtbxh,"Điều 3. Trưởng phòng ……………………………………………., các ông, Bà có tên tại"
37/2019/tt-btc+9,37/2019/tt-btc,"Điều 9. Chính sách thuế, phí, lệ phí"
38/2010/qđ-ttg+2,38/2010/qđ-ttg,Điều 2. Quyết định này có hiệu lực thi hành kể từ ngày 01 tháng 7 năm 2010.
38/2013/tt-bgdđt+1,38/2013/tt-bgdđt,"Điều 1. Ban hành kèm theo Thông tư này Quy định về quy trình và chu kỳ kiểm định chất lượng chương trình đào tạo của các trường đại học, cao đẳng và trung cấp chuyên nghiệp."
38/2013/tt-bgdđt+2,38/2013/tt-bgdđt,"Điều 2. Thông tư này có hiệu lực thi hành kể từ ngày 13 tháng 01 năm 2014 và thay thế Quyết định số 29/2008/QĐ-BGDĐT ngày 06 tháng 6 năm 2008 của Bộ trưởng Bộ Giáo dục và Đào tạo ban hành Quy định chu kỳ và quy trình kiểm định chất lượng chương trình giáo dục của các trường đại học, cao đẳng và trung cấp chuyên nghiệp."
38/2015/tt-bgtvt+2,38/2015/tt-bgtvt,"Điều 2. Bãi bỏ khoản 4 Điều 6 và khoản 4 Điều 15 của Thông tư số 11/2014/TT-BGTVT ngày 29 tháng 4 năm 2014 của Bộ trưởng Bộ Giao thông vận tải hướng dẫn công tác thiết kế, thi công và nghiệm thu cầu treo dân sinh"
40/2016/nđ-cp+21,40/2016/nđ-cp,Điều 21. Yêu cầu của chương trình
41/2016/qđ-ttg+1,41/2016/qđ-ttg,"Điều 1. Ban hành kèm theo Quyết định này Quy chế quản lý, điều hành thực hiện các chương trình mục tiêu quốc gia."
41/2021/nđ-cp+2,41/2021/nđ-cp,"Điều 2. Quy định cụ thể trách nhiệm của Cục Thuế địa phương nơi có công trình khai thác tài nguyên nước ………………..; quy định trách nhiệm của tổ chức, cá nhân trong việc hoàn trả, báo cáo ……………………………………………………"
42/2005/qđ-btc+5,42/2005/qđ-btc,"Điều 5. Việc xét tặng Kỷ niệm chương ""Vì sự nghiệp Tài chính Việt Nam"" được thực hiện hàng năm. Các đơn vị đề nghị xét tặng Kỷ niệm chương hoàn tất việc gửi hồ sơ về Bộ (Vụ Tổ chức cán bộ) vào ngày 30/6, Vụ Tổ chức cán bộ tập hợp hồ sơ phối hợp với Văn phòng Bộ làm thủ tục trình Hội đồng thi đua khen thưởng Bộ Tài chính phê duyệt danh sách tặng Kỷ niệm chương và công bố trao tặng vào dịp kỷ niệm ngày thành lập ngành Tài chính 28/8 hàng năm."
42/2005/qđ-btc+6,42/2005/qđ-btc,Điều 6. Người được tặng thưởng Kỷ niệm chương được cấp Kỷ niệm chương và Giấy chứng nhận Kỷ niệm chương.
43/2014/tt-btnmt+3,43/2014/tt-btnmt,Điều 3. Chương trình đào tạo nghiệp vụ bảo vệ môi trường
44/2009/qđ-ttg+1,44/2009/qđ-ttg,Điều 1. Ban hành Phương án khẩn nguy tổng thể đối phó với hành vi can thiệp bất hợp pháp vào hoạt động hàng không dân dụng.
44/2009/qđ-ttg+2,44/2009/qđ-ttg,"Điều 2. Quyết định này có hiệu lực thi hành sau 45 ngày, kể từ ngày ký."
44/2017/tt-btnmt+1,44/2017/tt-btnmt,Điều 1: Ban hành kèm theo Thông tư này quy định kỹ thuật về quan trắc ra đa thời tiết và ô dôn - bức xạ cực tím.
44/2017/tt-btnmt+2,44/2017/tt-btnmt,Điều 2: Thông tư này có hiệu lực kể từ ngày 08 tháng 12 năm 2017.
44/2018/tt-btc+3,44/2018/tt-btc,"Điều 3. Sửa đổi, bổ sung Phần I Biểu phí, lệ phí trong công tác thú y ban hành kèm theo Thông tư số 285/2016/TT-BTC  ngày 14 tháng 11 năm 2016 như sau:"
44/2018/tt-btc+5,44/2018/tt-btc,"Điều 5. Sửa đổi, bổ sung điểm 1, 2, 3 phần I Biểu phí trong công tác an toàn vệ sinh thực phẩm ban hành kèm theo Thông tư số 286/2016/TT-BTC  ngày 14 tháng 11 năm 2016 như sau:"
45/2006/nđ-cp+1,45/2006/nđ-cp,Điều 1. Ban hành kèm theo Nghị định này Điều lệ quản lý và sử dụng Quỹ Đền ơn đáp nghĩa.
45/2006/nđ-cp+2,45/2006/nđ-cp,"Điều 2. Bộ trưởng Bộ Lao động - Thương binh và Xã hội, Bộ trưởng Bộ Tài chính chịu trách nhiệm hướng dẫn thi hành Nghị định này."
45/2006/nđ-cp+3,45/2006/nđ-cp,"Điều 3. Nghị định này có hiệu lực thi hành sau 15 ngày, kể từ ngày đăng Công báo và thay thế cho Nghị định số 91/1998/NĐ-CP  ngày 09 tháng 11 năm 1998 của Chính phủ về việc ban hành Điều lệ xây dựng và quản lý Quỹ “Đền ơn đáp nghĩa'' và Nghị định số 07/2005/NĐ-CP  ngày 24 tháng 01 năm 2005 của Chính phủ về việc sửa đổi, bổ sung Điều 12, Điều 13 của Điều lệ xây dựng và quản lý Quỹ ''Đền ơn đáp nghĩa'' ban hành kèm theo Nghị định số 91/1998/NĐ-CP  ngày 09 tháng 11 năng 1998 của Chính phủ."
47/2002/qđ-ttg+4,47/2002/qđ-ttg,Điều 4. Nguồn kinh phí chi trả chế độ trợ cấp nêu tại Quyết định này do ngân sách nhà nước bảo đảm.
47/2002/qđ-ttg+5,47/2002/qđ-ttg,"Điều 5. Bộ Quốc phòng chủ trì, phối hợp với Bộ Lao động - Thương binh và Xã hội, Bộ Tài chính hướng dẫn thực hiện Quyết định này; đồng thời chỉ đạo tổ chức thực hiện việc chi trả cho đối tượng hưởng chế độ trợ cấp nêu tại Quyết định; quản lý và quyết toán kinh phí theo quy định hiện hành của Nhà nước."
47/2002/qđ-ttg+6,47/2002/qđ-ttg,Điều 6. Quyết định này có hiệu lực thi hành kể từ ngày 01 tháng 5 năm 2002.
47/2012/qđ-ttg+1,47/2012/qđ-ttg,"Điều 1. Thành lập Quỹ phòng, chống tội phạm ở Trung ương và các tỉnh, thành phố trực thuộc Trung ương (sau đây gọi tắt là cấp tỉnh) để hỗ trợ công tác phòng, chống tội phạm; phòng, chống ma túy."
47/2014/tt-bnnptnt+1,47/2014/tt-bnnptnt,"Điều 1. Ban hành kèm theo Thông tư này Quy chuẩn kỹ thuật quốc gia về điều kiện trồng, chăm sóc cao su kiến thiết cơ bản ở miền núi phía Bắc. Ký hiệu: QCVN 01-149:2014/BNNPTNT"
47/2014/tt-bnnptnt+2,47/2014/tt-bnnptnt,Điều 2. Thông tư này có hiệu lực kể từ ngày 11 tháng 6 năm 2015.
48/2017/tt-bqp+1,48/2017/tt-bqp,"Điều 1. Ban hành kèm theo Thông tư này Quy chế giám sát tài chính, đánh giá hiệu quả hoạt động đối với doanh nghiệp nhà nước và doanh nghiệp có vốn nhà nước thuộc Bộ Quốc phòng."
48/2017/tt-bqp+2,48/2017/tt-bqp,Điều 2. Thông tư này có hiệu lực kể từ ngày 20 tháng 4 năm 2017 và áp dụng cho năm tài chính 2016 trở đi; đồng thời thay thế Thông tư số 161/2014/TT-BQP ngày 10 tháng 11 năm 2014 của Bộ Quốc phòng hướng dẫn một số nội dung về giám sát tài chính và đánh giá hiệu quả hoạt động đối với doanh nghiệp do Bộ Quốc phòng làm chủ sở hữu và doanh nghiệp có vốn của Bộ Quốc phòng.
51/2002/qđ-bgdđt+1,51/2002/qđ-bgdđt,"Điều 1. Ban hành kèm theo Quyết định này ""Quy định chuyển trường và tiếp nhận học sinh học tại các trường trung học cơ sở và trung học phổ thông""."
51/2002/qđ-bgdđt+2,51/2002/qđ-bgdđt,"Điều 2. Quyết định này có hiệu lực sau 15 ngày, kể từ ngày ký. Các quy định trước đây trái với Quyết định này bị bãi bỏ."
52/2012/tt-bgdđt+1,52/2012/tt-bgdđt,Điều 1. Ban hành kèm theo Thông tư này Điều lệ hội thi giáo viên làm tổng phụ trách Đội thiếu niên tiền phong Hồ Chí Minh giỏi.
52/2012/tt-bgdđt+2,52/2012/tt-bgdđt,Điều 2. Thông tư này có hiệu lực thi hành từ ngày 30 tháng 2 năm 2013.
52/2015/ttlt-btnmt-bnv+2,52/2015/ttlt-btnmt-bnv,Điều 2. Mã số và phân hạng chức danh nghề nghiệp viên chức chuyên ngành địa chính
52/2016/qđ-ttg+1,52/2016/qđ-ttg,Điều 1. Ban hành kèm theo Quyết định này Quy chế hoạt động thông tin cơ sở.
52/2016/qđ-ttg+2,52/2016/qđ-ttg,Điều 2. Quyết định này có hiệu lực thi hành kể từ ngày 01 tháng 02 năm 2017.
52/2019/tt-bca+1,52/2019/tt-bca,"Điều 1. Ban hành kèm theo Thông tư này Quy chuẩn kỹ thuật quốc gia “Hệ thống phòng cháy và chữa cháy cho kho chứa, cảng xuất, nhập và trạm phân phối khí đốt - QCVN 01: 2019/BCA”."
52/2020/tt-bgdđt+1,52/2020/tt-bgdđt,Điều 1. Ban hành kèm theo Thông tư này Điều lệ Trường mầm non.
52/2020/tt-bgdđt+2,52/2020/tt-bgdđt,"Điều 2. Thông tư này có hiệu lực thi hành từ ngày 31 tháng 3 năm 2021. Thông tư này thay thế Quyết định số 14/2008/QĐ-BGDĐT  ngày 07 tháng 4 năm 2008 của Bộ trưởng Bộ Giáo dục và Đào tạo ban hành Điều lệ trường mầm non; Thông tư số 44/2010/TT-BGDĐT  ngày 30 tháng 12 năm 2010 của Bộ trưởng Bộ Giáo dục và Đào tạo về việc sửa đổi, bổ sung một số điều của Điều lệ Trường mầm non ban hành kèm theo Quyết định số 14/2008/QĐ-BGDĐT  ngày 07 tháng 4 năm 2008 của Bộ trưởng Bộ Giáo dục và Đào tạo; Thông tư số 05/2011/TT-BGDĐT  ngày 10 tháng 02 năm 2011 của Bộ trưởng Bộ Giáo dục và Đào tạo về việc sửa đổi, bổ sung điểm d khoản 1 Điều 13; khoản 2 Điều 16; khoản 1 Điều 17 và điểm c khoản 2 Điều 18 của Điều lệ Trường mầm non ban hành kèm theo Quyết định số 14/2008/QĐ-BGDĐT  ngày 07 tháng 4 năm 2008 của Bộ trưởng Bộ Giáo dục và Đào tạo và đã được sửa đổi, bổ sung tại Thông tư số 44/2010/TT-BGDĐT  ngày 30 tháng 12 năm 2010 của Bộ trưởng Bộ Giáo dục và Đào tạo về việc sửa đổi, bổ sung Điều lệ Trường mầm non; Thông tư số 09/2015/TT-BGDĐT  ngày 14 tháng 5 năm 2015 sửa đổi, bổ sung một số điều của Điều lệ trường mầm non ban hành kèm theo Quyết định số 14/2008/QĐ-BGDĐT  ngày 07 tháng 4 năm 2008 của Bộ trưởng Bộ Giáo dục và Đào tạo đã được sửa đổi, bổ sung tại Thông tư số 44/2010/TT-BGDĐT  ngày 30 tháng 12 năm 2010 và Thông tư số 05/2011/TT-BGDĐT  ngày 10 tháng 02 năm 2011 của Bộ trưởng Bộ Giáo dục và Đào tạo."
54/2020/nđ-cp+2,54/2020/nđ-cp,"Điều 2. Bãi bỏ khoản 5 Điều 10, Điều 12, Điều 25, khoản 2 Điều 37 của Nghị định số 127/2015/NĐ-CP và khoản 1 Điều 6, khoản 4 Điều 8 của Nghị định số 07/2012/NĐ-CP."
57/2016/tt-btc+8,57/2016/tt-btc,Điều 8. Bộ Thông tin và Truyền thông có trách nhiệm thực hiện các nhiệm vụ nêu tại Khoản 3 Điều 4 và Khoản 3 Điều 7 Thông tư này.
57/2016/tt-btc+9,57/2016/tt-btc,"Điều 9. Các cơ quan được phân công làm đại diện chủ sở hữu có trách nhiệm giám sát, đôn đốc các đơn vị trực thuộc thực hiện đóng góp tài chính vào Quỹ theo quy định."
57/2017/tt-btc+2,57/2017/tt-btc,Điều 2. Bãi bỏ Điều 9 và Điều 10 của Thông tư số 11/2014/TT-BTC ngày 17 tháng 01 năm 2014 hướng dẫn một số điều quy định tại Nghị định số 86/2013/NĐ-CP ngày 29 tháng 7 năm 2013 của Chính phủ về kinh doanh trò chơi điện tử có thưởng dành cho người nước ngoài.
58/2021/nđ-cp+2,58/2021/nđ-cp,Điều 2. Quyết định này có hiệu lực thi hành kể từ ngày ký và là một bộ phận không tách rời của Giấy chứng nhận đủ điều kiện hoạt động cung ứng dịch vụ thông tin tín dụng số .../NHNN-GCN ngày ... tháng ... năm ... của Ngân hàng Nhà nước Việt Nam cấp cho Công ty thông tin tín dụng (2)...
60/2000/nđ-cp+11,60/2000/nđ-cp,"Điều 11. Trong trường hợp người bị kết án đang chấp hành hình phạt chuyển đi nơi khác, thì cơ quan, tổ chức đó có trách nhiệm thông báo ngay cho Toà án đã ra quyết định thi hành án kèm theo hồ sơ của người đó để Toà án làm thủ tục cần thiết giao cho cơ quan, tổ chức nơi người bị kết án chuyển đến tiếp tục giám sát, giáo dục."
60/2000/nđ-cp+13,60/2000/nđ-cp,"Điều 13. Người nào vi phạm các quy định của Nghị định này, tùy theo mức độ vi phạm sẽ bị xử lý kỷ luật, xử phạt hành chính hoặc truy cứu trách nhiệm hình sự theo quy định của pháp luật."
60/2000/nđ-cp+14,60/2000/nđ-cp,"Điều 14. Nghị định này có hiệu lực sau 15 ngày, kể từ ngày ký và thay thế Nghị định số 95/HĐBT ngày 25 tháng 7 năm 1989 của Hội đồng Bộ trưởng ban hành Quy chế về chế độ cải tạo không giam giữ và cải tạo ở đơn vị kỷ luật của quân đội."
61/2000/nđ-cp+11,61/2000/nđ-cp,"Điều 11. Trong trường hợp người được hưởng án treo chuyến đi nơi khác thì cơ quan, tổ chức giám sát, giáo dục có trách nhiệm thông báo ngay cho Tòa án đã ra quyết định thi hành án kèm theo hồ sơ của người đó để Tòa án làm thủ tục cần thiết giao cho cơ quan, tổ chức nơi người được hưởng án treo chuyển đến tiếp tục giám sát, giáo dục."
61/2000/nđ-cp+13,61/2000/nđ-cp,"Điều 13. Người nào vi phạm các quy định của Nghị định này, tùy theo mức độ vi phạm sẽ bị xử lý kỷ luật, xử phạt hành chính hoặc truy cứu trách nhiệm hình sự theo quy định của pháp luật."
61/2000/nđ-cp+14,61/2000/nđ-cp,"Điều 14. Nghị định này có hiệu lực sau 15 ngày, kể từ ngày ký."
61/2012/tt-bgdđt+1,61/2012/tt-bgdđt,"Điều 1. Ban hành kèm theo Thông tư này Quy định điều kiện thành lập và giải thể, nhiệm vụ, quyền hạn của tổ chức kiểm định chất lượng giáo dục."
61/2012/tt-bgdđt+2,61/2012/tt-bgdđt,Điều 2. Thông tư này có hiệu lực thi hành kể từ ngày 15 tháng 02 năm 2013.
65/2019/nđ-cp+2,65/2019/nđ-cp,"Điều 2. Bãi bỏ khoản 3 Điều 15 Nghị định số 104/2017/NĐ-CP ngày 14 tháng 9 năm 2017 của Chính phủ quy định xử phạt vi phạm hành chính trong lĩnh vực phòng, chống thiên tai; khai thác và bảo vệ công trình thủy lợi; đê điều."
68/2000/nđ-cp+3,68/2000/nđ-cp,"Điều 3. Không thực hiện chế độ hợp đồng đối với những người làm bảo vệ ở các cơ quan Văn phòng Chính phủ, Ngân hàng Nhà nước, Kho bạc Nhà nước, Kho ấn chỉ thuế, Kho ấn chỉ hải quan; lái xe cho các chức danh quy định tại Điều 5, Điều 6 Quyết định số 122/1999/QĐ-TTg ngày 10 tháng 5 năm 1999 của Thủ tướng Chính phủ; lái xe chuyên dùng chuyên chở tiền của Ngân hàng Nhà nước, Kho bạc Nhà nước."
68/2000/nđ-cp+8,68/2000/nđ-cp,"Điều 8. Các cơ quan, tổ chức khác sử dụng kinh phí do ngân sách nhà nước cấp quyết định việc áp dụng các quy định của Nghị định này trong cơ quan, tổ chức mình."
68/2000/nđ-cp+9,68/2000/nđ-cp,"Điều 9. Ban Tổ chức - Cán bộ Chính phủ phối hợp với các Bộ, ngành liên quan chịu trách nhiệm hướng dẫn việc thực hiện Nghị định này."
68/2000/nđ-cp+10,68/2000/nđ-cp,"Điều 10. Nghị định này có hiệu lực thi hành sau 15 ngày, kể từ ngày ký."
70/2014/qđ-ttg+1,70/2014/qđ-ttg,Điều 1. Ban hành kèm theo Quyết định này Điều lệ trường đại học.
71/2000/nđ-cp+6,71/2000/nđ-cp,"Điều 6. Bộ trưởng, người đứng đầu cơ quan, tổ chức, đơn vị, Chủ tịch ủy ban nhân dân tỉnh, thành phố trực thuộc Trung ương ra quyết định đối với cán bộ, công chức thuộc thẩm quyền theo quy chế và phân công, phân cấp quản lý cán bộ hiện hành."
71/2000/nđ-cp+8,71/2000/nđ-cp,Điều 8. Ban Tổ chức - Cán bộ Chính phủ phối hợp với Ban Tổ chức Trung ương hướng dẫn thực hiện Nghị định này.
71/2000/nđ-cp+9,71/2000/nđ-cp,"Điều 9. Nghị định này có hiệu lực thi hành sau 15 ngày, kể từ ngày ký."
75/2008/qđ-blđtbxh+1,75/2008/qđ-blđtbxh,"Điều 1. Ban hành mẫu Bằng tốt nghiệp cao đẳng nghề, mẫu Bằng tốt nghiệp trung cấp nghề, mẫu Chứng chỉ sơ cấp nghề (sau đây gọi tắt là mẫu bằng, chứng chỉ nghề) và mẫu bản sao bằng, chứng chỉ nghề để cấp cho người tốt nghiệp các khóa đào tạo nghề tương ứng với trình độ đào tạo."
78/2010/qđ-ttg+2,78/2010/qđ-ttg,"Điều 2. Giao Bộ Tài chính căn cứ tình hình thực tế trong từng thời kỳ quyết định điều chỉnh trong phạm vi 20% mức giá trị hàng hóa quy định tại Điều 1 Quyết định này nhằm thực hiện chủ trương cải cách thủ tục hành chính và phù hợp với thông lệ quốc tế. Trường hợp điều chỉnh trên 20% mức giá trị hàng hóa quy định tại Điều 1 Quyết định này, Bộ Tài chính trình Thủ tướng Chính phủ quyết định."
78/2010/qđ-ttg+3,78/2010/qđ-ttg,Điều 3. Quyết định này có hiệu lực thi hành kể từ ngày 01 tháng 02 năm 2011.
78/2019/tt-btc+1,78/2019/tt-btc,Điều 1. Ban hành kèm theo Thông tư này Quy chuẩn kỹ thuật quốc gia đối với gạo dự trữ quốc gia.
79/2009/ttlt-bnnptnt-bnv+5,79/2009/ttlt-bnnptnt-bnv,"Điều 5. Bảng hệ số phụ cấp chức vụ lãnh đạo theo hạng của các đơn vị sự nghiệp, dịch vụ công lập"
84/2014/nđ-cp+11,84/2014/nđ-cp,"Điều 11. Chương trình thực hành tiết kiệm, chống lãng phí"
84/2014/nđ-cp+12,84/2014/nđ-cp,"Điều 12. Nội dung Chương trình thực hành tiết kiệm, chống lãng phí"
88/2019/nđ-cp+20,88/2019/nđ-cp,"Điều 20 Luật Phòng, chống rửa tiền."
89/2017/nđ-cp+7,89/2017/nđ-cp,"Điều 7. Thành phố được thực hiện cơ chế hỗ trợ một phần lãi suất cho các tổ chức, cá nhân khi vay vốn để đầu tư các dự án phát triển kinh tế - xã hội quan trọng có khả năng thu hồi vốn trong phạm vi và khả năng của ngân sách thành phố và theo quy định của pháp luật."
91/2012/tt-bqp+1,91/2012/tt-bqp,"Điều 1. Ban hành kèm theo Thông tư này “Quy chế về công tác Văn thư, lưu trữ và bảo mật tài liệu trong Quân đội”."
92/2000/qđ-nhnn+8,92/2000/qđ-nhnn,"Điều 8. Tổ chức, cá nhân vi phạm các quy định trong Quyết định này tuỳ theo mức độ, tính chất hành vi vi phạm sẽ bị xử lý hành chính hoặc truy cứu trách nhiệm hình sự theo quy định của pháp luật."
92/2000/qđ-nhnn+9,92/2000/qđ-nhnn,"Điều 9. Quyết định này có hiệu lực thi hành sau 15 ngày kể từ ngày ký và thay thế Quyết định số 236/1999/QĐ-NHNN7  ngày 07/7/1999 của Thống đốc Ngân hàng Nhà nước về việc mang ngoại tệ tiền mặt, đồng Việt nam bằng tiền mặt khi xuất nhập cảnh qua các cửa khẩu biên giới."
92/2005/qđ-btc+3,92/2005/qđ-btc,"Điều 3. Quyết định này có hiệu lực thi hành sau 15 ngày, kể từ ngày đăng Công báo."
92/2005/qđ-btc+4,92/2005/qđ-btc,"Điều 4. Các nội dung khác liên quan đến việc thu, nộp, quản lý, sử dụng, công khai chế độ thu lệ phí, chứng từ thu lệ phí không đề cập tại Quyết định này được thực hiện theo hướng dẫn tại Thông tư số 63/2002/TT-BTC ngày 24/7/2002 của Bộ Tài chính hướng dẫn thực hiện các quy định pháp luật về phí và lệ phí."
93/2017/nđ-cp+19,93/2017/nđ-cp,"Điều 19. Tổ chức tín dụng, chi nhánh ngân hàng nước ngoài thực hiện hạch toán doanh thu, chi phí đúng chế độ quy định, chịu trách nhiệm trước pháp luật về tính chính xác, trung thực của các khoản thu, chi và thực hiện các quy định về chế độ hóa đơn, chứng từ kế toán."
94/2011/nđ-cp+2,94/2011/nđ-cp,"Điều 2. Bãi bỏ Điều 6, Điều 9 Nghị định số 147/2003/NĐ-CP ngày 02 tháng 12 năm 2003 của Chính phủ quy định về điều kiện, thủ tục cấp phép và quản lý hoạt động của các cơ sở cai nghiện ma túy tự nguyện."
